[
    {
        "Query":"best programming languages",
        "User ID":1482,
        "Timestamp":"2025-03-19 7:0:1",
        "Click URL":"https:\/\/amazon.com\/search?q=latest+AI+trends"
    },
    {
        "Query":"weather in New York",
        "User ID":1511,
        "Timestamp":"2025-09-12 21:27:33",
        "Click URL":"https:\/\/news.com\/search?q=best+programming+languages"
    },
    {
        "Query":"how to invest in stocks",
        "User ID":1892,
        "Timestamp":"2025-08-24 18:20:34",
        "Click URL":"https:\/\/news.com\/search?q=fitness+tips"
    },
    {
        "Query":"best programming languages",
        "User ID":3221,
        "Timestamp":"2025-03-22 2:38:26",
        "Click URL":"https:\/\/google.com\/search?q=how+to+cook+pasta"
    },
    {
        "Query":"top movies 2025",
        "User ID":5680,
        "Timestamp":"2025-02-25 18:13:12",
        "Click URL":"https:\/\/news.com\/search?q=top+movies+2025"
    },
    {
        "Query":"best smartphones 2025",
        "User ID":1756,
        "Timestamp":"2025-04-26 2:19:28",
        "Click URL":"https:\/\/amazon.com\/search?q=how+to+cook+pasta"
    },
    {
        "Query":"how to cook pasta",
        "User ID":1555,
        "Timestamp":"2025-07-14 9:29:23",
        "Click URL":"https:\/\/youtube.com\/search?q=weather+in+New+York"
    },
    {
        "Query":"cheap flights to London",
        "User ID":7151,
        "Timestamp":"2025-07-21 10:27:11",
        "Click URL":"https:\/\/news.com\/search?q=best+smartphones+2025"
    },
    {
        "Query":"latest AI trends",
        "User ID":5233,
        "Timestamp":"2025-05-20 23:30:22",
        "Click URL":"https:\/\/google.com\/search?q=latest+AI+trends"
    },
    {
        "Query":"cheap flights to London",
        "User ID":6813,
        "Timestamp":"2025-07-18 2:58:2",
        "Click URL":"https:\/\/amazon.com\/search?q=best+programming+languages"
    },
    {
        "Query":"fitness tips",
        "User ID":6493,
        "Timestamp":"2025-05-24 19:57:41",
        "Click URL":"https:\/\/google.com\/search?q=best+smartphones+2025"
    },
    {
        "Query":"top movies 2025",
        "User ID":8282,
        "Timestamp":"2025-08-14 13:47:37",
        "Click URL":"https:\/\/amazon.com\/search?q=top+movies+2025"
    },
    {
        "Query":"history of the internet",
        "User ID":7412,
        "Timestamp":"2025-04-11 11:29:1",
        "Click URL":"https:\/\/amazon.com\/search?q=how+to+invest+in+stocks"
    },
    {
        "Query":"how to cook pasta",
        "User ID":4074,
        "Timestamp":"2025-01-22 21:24:31",
        "Click URL":"https:\/\/youtube.com\/search?q=fitness+tips"
    },
    {
        "Query":"cheap flights to London",
        "User ID":5121,
        "Timestamp":"2025-05-12 15:15:0",
        "Click URL":"https:\/\/youtube.com\/search?q=history+of+the+internet"
    },
    {
        "Query":"how to cook pasta",
        "User ID":9183,
        "Timestamp":"2025-06-23 1:51:12",
        "Click URL":"https:\/\/wikipedia.org\/search?q=history+of+the+internet"
    },
    {
        "Query":"weather in New York",
        "User ID":8014,
        "Timestamp":"2025-06-11 18:12:46",
        "Click URL":"https:\/\/news.com\/search?q=cheap+flights+to+London"
    },
    {
        "Query":"top movies 2025",
        "User ID":1084,
        "Timestamp":"2025-08-13 0:53:28",
        "Click URL":"https:\/\/wikipedia.org\/search?q=top+movies+2025"
    },
    {
        "Query":"cheap flights to London",
        "User ID":7893,
        "Timestamp":"2025-07-11 3:29:2",
        "Click URL":"https:\/\/wikipedia.org\/search?q=best+smartphones+2025"
    },
    {
        "Query":"fitness tips",
        "User ID":7928,
        "Timestamp":"2025-06-27 19:4:29",
        "Click URL":"https:\/\/youtube.com\/search?q=fitness+tips"
    },
    {
        "Query":"how to invest in stocks",
        "User ID":2107,
        "Timestamp":"2025-05-28 1:44:38",
        "Click URL":"https:\/\/news.com\/search?q=history+of+the+internet"
    },
    {
        "Query":"how to cook pasta",
        "User ID":5370,
        "Timestamp":"2025-07-19 15:13:55",
        "Click URL":"https:\/\/google.com\/search?q=fitness+tips"
    },
    {
        "Query":"best smartphones 2025",
        "User ID":9695,
        "Timestamp":"2025-06-15 23:12:37",
        "Click URL":"https:\/\/amazon.com\/search?q=best+smartphones+2025"
    },
    {
        "Query":"fitness tips",
        "User ID":8268,
        "Timestamp":"2025-06-10 11:12:34",
        "Click URL":"https:\/\/amazon.com\/search?q=latest+AI+trends"
    },
    {
        "Query":"latest AI trends",
        "User ID":1889,
        "Timestamp":"2025-09-24 12:28:3",
        "Click URL":"https:\/\/news.com\/search?q=weather+in+New+York"
    },
    {
        "Query":"cheap flights to London",
        "User ID":2996,
        "Timestamp":"2025-05-24 8:7:49",
        "Click URL":"https:\/\/youtube.com\/search?q=cheap+flights+to+London"
    },
    {
        "Query":"how to invest in stocks",
        "User ID":6968,
        "Timestamp":"2025-07-22 0:5:30",
        "Click URL":"https:\/\/google.com\/search?q=latest+AI+trends"
    },
    {
        "Query":"top movies 2025",
        "User ID":4918,
        "Timestamp":"2025-02-20 8:35:6",
        "Click URL":"https:\/\/youtube.com\/search?q=weather+in+New+York"
    },
    {
        "Query":"best smartphones 2025",
        "User ID":4182,
        "Timestamp":"2025-08-15 9:4:42",
        "Click URL":"https:\/\/wikipedia.org\/search?q=weather+in+New+York"
    },
    {
        "Query":"top movies 2025",
        "User ID":5376,
        "Timestamp":"2025-07-18 19:43:41",
        "Click URL":"https:\/\/amazon.com\/search?q=fitness+tips"
    },
    {
        "Query":"how to cook pasta",
        "User ID":4340,
        "Timestamp":"2025-06-25 19:51:5",
        "Click URL":"https:\/\/news.com\/search?q=weather+in+New+York"
    },
    {
        "Query":"history of the internet",
        "User ID":4923,
        "Timestamp":"2025-07-23 19:2:8",
        "Click URL":"https:\/\/wikipedia.org\/search?q=top+movies+2025"
    },
    {
        "Query":"best smartphones 2025",
        "User ID":7797,
        "Timestamp":"2025-06-27 9:54:34",
        "Click URL":"https:\/\/amazon.com\/search?q=cheap+flights+to+London"
    },
    {
        "Query":"best programming languages",
        "User ID":6312,
        "Timestamp":"2025-08-24 2:35:15",
        "Click URL":"https:\/\/amazon.com\/search?q=best+programming+languages"
    },
    {
        "Query":"how to invest in stocks",
        "User ID":4110,
        "Timestamp":"2025-04-17 9:55:11",
        "Click URL":"https:\/\/youtube.com\/search?q=fitness+tips"
    },
    {
        "Query":"fitness tips",
        "User ID":6336,
        "Timestamp":"2025-07-10 19:37:8",
        "Click URL":"https:\/\/wikipedia.org\/search?q=how+to+invest+in+stocks"
    },
    {
        "Query":"fitness tips",
        "User ID":6609,
        "Timestamp":"2025-08-12 21:28:9",
        "Click URL":"https:\/\/youtube.com\/search?q=best+smartphones+2025"
    },
    {
        "Query":"weather in New York",
        "User ID":9279,
        "Timestamp":"2025-01-12 13:37:9",
        "Click URL":"https:\/\/amazon.com\/search?q=top+movies+2025"
    },
    {
        "Query":"history of the internet",
        "User ID":6896,
        "Timestamp":"2025-09-28 18:57:15",
        "Click URL":"https:\/\/wikipedia.org\/search?q=latest+AI+trends"
    },
    {
        "Query":"cheap flights to London",
        "User ID":3199,
        "Timestamp":"2025-04-16 3:26:23",
        "Click URL":"https:\/\/wikipedia.org\/search?q=history+of+the+internet"
    },
    {
        "Query":"history of the internet",
        "User ID":6418,
        "Timestamp":"2025-09-19 18:5:26",
        "Click URL":"https:\/\/google.com\/search?q=best+programming+languages"
    },
    {
        "Query":"weather in New York",
        "User ID":6245,
        "Timestamp":"2025-04-19 2:2:56",
        "Click URL":"https:\/\/wikipedia.org\/search?q=best+smartphones+2025"
    },
    {
        "Query":"history of the internet",
        "User ID":5728,
        "Timestamp":"2025-06-20 13:8:37",
        "Click URL":"https:\/\/amazon.com\/search?q=weather+in+New+York"
    },
    {
        "Query":"top movies 2025",
        "User ID":3916,
        "Timestamp":"2025-03-18 9:42:14",
        "Click URL":"https:\/\/news.com\/search?q=how+to+cook+pasta"
    },
    {
        "Query":"how to cook pasta",
        "User ID":4229,
        "Timestamp":"2025-02-18 8:37:45",
        "Click URL":"https:\/\/wikipedia.org\/search?q=cheap+flights+to+London"
    },
    {
        "Query":"fitness tips",
        "User ID":4506,
        "Timestamp":"2025-09-24 18:40:43",
        "Click URL":"https:\/\/youtube.com\/search?q=fitness+tips"
    },
    {
        "Query":"how to cook pasta",
        "User ID":3049,
        "Timestamp":"2025-02-28 4:40:13",
        "Click URL":"https:\/\/wikipedia.org\/search?q=best+programming+languages"
    },
    {
        "Query":"history of the internet",
        "User ID":3971,
        "Timestamp":"2025-08-27 1:31:23",
        "Click URL":"https:\/\/news.com\/search?q=how+to+cook+pasta"
    },
    {
        "Query":"top movies 2025",
        "User ID":5650,
        "Timestamp":"2025-03-15 14:12:57",
        "Click URL":"https:\/\/amazon.com\/search?q=how+to+invest+in+stocks"
    },
    {
        "Query":"history of the internet",
        "User ID":2465,
        "Timestamp":"2025-08-21 5:55:27",
        "Click URL":"https:\/\/amazon.com\/search?q=cheap+flights+to+London"
    }
]