[
    {
        "Query":"best programming languages",
        "User ID":8847,
        "Timestamp":"2025-06-20 4:20:44",
        "Click URL":"https:\/\/amazon.com\/search?q=cheap+flights+to+London"
    },
    {
        "Query":"best programming languages",
        "User ID":2365,
        "Timestamp":"2025-07-14 16:2:54",
        "Click URL":"https:\/\/youtube.com\/search?q=how+to+invest+in+stocks"
    },
    {
        "Query":"how to cook pasta",
        "User ID":7538,
        "Timestamp":"2025-07-22 18:29:34",
        "Click URL":"https:\/\/youtube.com\/search?q=weather+in+New+York"
    },
    {
        "Query":"how to cook pasta",
        "User ID":6127,
        "Timestamp":"2025-04-21 12:38:18",
        "Click URL":"https:\/\/news.com\/search?q=fitness+tips"
    },
    {
        "Query":"latest AI trends",
        "User ID":6983,
        "Timestamp":"2025-03-16 16:29:46",
        "Click URL":"https:\/\/wikipedia.org\/search?q=fitness+tips"
    },
    {
        "Query":"how to invest in stocks",
        "User ID":8744,
        "Timestamp":"2025-02-10 11:57:24",
        "Click URL":"https:\/\/amazon.com\/search?q=top+movies+2025"
    },
    {
        "Query":"fitness tips",
        "User ID":5702,
        "Timestamp":"2025-05-14 16:45:40",
        "Click URL":"https:\/\/amazon.com\/search?q=top+movies+2025"
    },
    {
        "Query":"history of the internet",
        "User ID":5374,
        "Timestamp":"2025-02-25 0:22:38",
        "Click URL":"https:\/\/amazon.com\/search?q=how+to+invest+in+stocks"
    },
    {
        "Query":"best smartphones 2025",
        "User ID":5264,
        "Timestamp":"2025-01-14 6:45:38",
        "Click URL":"https:\/\/amazon.com\/search?q=latest+AI+trends"
    },
    {
        "Query":"history of the internet",
        "User ID":1423,
        "Timestamp":"2025-09-27 1:8:58",
        "Click URL":"https:\/\/news.com\/search?q=latest+AI+trends"
    },
    {
        "Query":"history of the internet",
        "User ID":3665,
        "Timestamp":"2025-04-12 10:5:16",
        "Click URL":"https:\/\/youtube.com\/search?q=how+to+cook+pasta"
    },
    {
        "Query":"fitness tips",
        "User ID":3511,
        "Timestamp":"2025-07-11 1:0:47",
        "Click URL":"https:\/\/amazon.com\/search?q=history+of+the+internet"
    },
    {
        "Query":"fitness tips",
        "User ID":1206,
        "Timestamp":"2025-03-22 6:47:18",
        "Click URL":"https:\/\/wikipedia.org\/search?q=top+movies+2025"
    },
    {
        "Query":"how to invest in stocks",
        "User ID":2539,
        "Timestamp":"2025-01-16 17:15:53",
        "Click URL":"https:\/\/google.com\/search?q=how+to+cook+pasta"
    },
    {
        "Query":"best programming languages",
        "User ID":2232,
        "Timestamp":"2025-01-22 14:35:11",
        "Click URL":"https:\/\/news.com\/search?q=fitness+tips"
    },
    {
        "Query":"latest AI trends",
        "User ID":4911,
        "Timestamp":"2025-05-23 13:34:56",
        "Click URL":"https:\/\/amazon.com\/search?q=fitness+tips"
    },
    {
        "Query":"weather in New York",
        "User ID":8288,
        "Timestamp":"2025-08-23 16:8:47",
        "Click URL":"https:\/\/amazon.com\/search?q=best+smartphones+2025"
    },
    {
        "Query":"how to cook pasta",
        "User ID":1086,
        "Timestamp":"2025-02-21 21:29:45",
        "Click URL":"https:\/\/wikipedia.org\/search?q=best+smartphones+2025"
    },
    {
        "Query":"cheap flights to London",
        "User ID":6672,
        "Timestamp":"2025-02-11 10:8:6",
        "Click URL":"https:\/\/amazon.com\/search?q=best+smartphones+2025"
    },
    {
        "Query":"weather in New York",
        "User ID":9995,
        "Timestamp":"2025-08-18 17:28:10",
        "Click URL":"https:\/\/news.com\/search?q=latest+AI+trends"
    },
    {
        "Query":"how to cook pasta",
        "User ID":7649,
        "Timestamp":"2025-04-13 11:36:54",
        "Click URL":"https:\/\/google.com\/search?q=history+of+the+internet"
    },
    {
        "Query":"fitness tips",
        "User ID":4086,
        "Timestamp":"2025-09-10 9:28:22",
        "Click URL":"https:\/\/amazon.com\/search?q=latest+AI+trends"
    },
    {
        "Query":"cheap flights to London",
        "User ID":8863,
        "Timestamp":"2025-05-26 12:54:32",
        "Click URL":"https:\/\/youtube.com\/search?q=cheap+flights+to+London"
    },
    {
        "Query":"best programming languages",
        "User ID":2869,
        "Timestamp":"2025-09-21 13:20:55",
        "Click URL":"https:\/\/google.com\/search?q=best+smartphones+2025"
    },
    {
        "Query":"history of the internet",
        "User ID":2096,
        "Timestamp":"2025-08-28 13:14:0",
        "Click URL":"https:\/\/google.com\/search?q=top+movies+2025"
    },
    {
        "Query":"how to cook pasta",
        "User ID":9791,
        "Timestamp":"2025-06-21 3:8:54",
        "Click URL":"https:\/\/wikipedia.org\/search?q=how+to+invest+in+stocks"
    },
    {
        "Query":"fitness tips",
        "User ID":9686,
        "Timestamp":"2025-04-25 3:41:41",
        "Click URL":"https:\/\/amazon.com\/search?q=top+movies+2025"
    },
    {
        "Query":"cheap flights to London",
        "User ID":4429,
        "Timestamp":"2025-06-16 5:15:27",
        "Click URL":"https:\/\/youtube.com\/search?q=top+movies+2025"
    },
    {
        "Query":"how to cook pasta",
        "User ID":4427,
        "Timestamp":"2025-01-11 13:2:45",
        "Click URL":"https:\/\/news.com\/search?q=latest+AI+trends"
    },
    {
        "Query":"best smartphones 2025",
        "User ID":5688,
        "Timestamp":"2025-03-28 7:36:8",
        "Click URL":"https:\/\/youtube.com\/search?q=best+programming+languages"
    },
    {
        "Query":"best smartphones 2025",
        "User ID":1833,
        "Timestamp":"2025-03-20 21:28:49",
        "Click URL":"https:\/\/youtube.com\/search?q=how+to+cook+pasta"
    },
    {
        "Query":"latest AI trends",
        "User ID":2888,
        "Timestamp":"2025-05-13 0:6:14",
        "Click URL":"https:\/\/wikipedia.org\/search?q=weather+in+New+York"
    },
    {
        "Query":"latest AI trends",
        "User ID":6168,
        "Timestamp":"2025-04-17 23:42:41",
        "Click URL":"https:\/\/google.com\/search?q=top+movies+2025"
    },
    {
        "Query":"cheap flights to London",
        "User ID":3138,
        "Timestamp":"2025-03-21 9:0:55",
        "Click URL":"https:\/\/news.com\/search?q=top+movies+2025"
    },
    {
        "Query":"latest AI trends",
        "User ID":9171,
        "Timestamp":"2025-02-27 8:35:28",
        "Click URL":"https:\/\/wikipedia.org\/search?q=how+to+cook+pasta"
    },
    {
        "Query":"cheap flights to London",
        "User ID":9073,
        "Timestamp":"2025-02-18 6:41:59",
        "Click URL":"https:\/\/youtube.com\/search?q=fitness+tips"
    },
    {
        "Query":"latest AI trends",
        "User ID":6984,
        "Timestamp":"2025-07-14 15:51:6",
        "Click URL":"https:\/\/news.com\/search?q=weather+in+New+York"
    },
    {
        "Query":"top movies 2025",
        "User ID":4256,
        "Timestamp":"2025-08-16 5:4:13",
        "Click URL":"https:\/\/google.com\/search?q=weather+in+New+York"
    },
    {
        "Query":"top movies 2025",
        "User ID":9471,
        "Timestamp":"2025-06-23 8:11:14",
        "Click URL":"https:\/\/google.com\/search?q=how+to+cook+pasta"
    },
    {
        "Query":"best smartphones 2025",
        "User ID":7889,
        "Timestamp":"2025-02-17 5:54:35",
        "Click URL":"https:\/\/google.com\/search?q=history+of+the+internet"
    },
    {
        "Query":"top movies 2025",
        "User ID":7515,
        "Timestamp":"2025-01-17 2:33:12",
        "Click URL":"https:\/\/google.com\/search?q=how+to+invest+in+stocks"
    },
    {
        "Query":"weather in New York",
        "User ID":7198,
        "Timestamp":"2025-07-27 5:3:38",
        "Click URL":"https:\/\/amazon.com\/search?q=how+to+cook+pasta"
    },
    {
        "Query":"how to invest in stocks",
        "User ID":2103,
        "Timestamp":"2025-04-19 1:55:14",
        "Click URL":"https:\/\/youtube.com\/search?q=cheap+flights+to+London"
    },
    {
        "Query":"best programming languages",
        "User ID":5472,
        "Timestamp":"2025-08-14 3:30:35",
        "Click URL":"https:\/\/wikipedia.org\/search?q=history+of+the+internet"
    },
    {
        "Query":"how to cook pasta",
        "User ID":6582,
        "Timestamp":"2025-04-10 2:53:32",
        "Click URL":"https:\/\/google.com\/search?q=latest+AI+trends"
    },
    {
        "Query":"best programming languages",
        "User ID":2809,
        "Timestamp":"2025-09-27 8:55:56",
        "Click URL":"https:\/\/wikipedia.org\/search?q=best+smartphones+2025"
    },
    {
        "Query":"best smartphones 2025",
        "User ID":2765,
        "Timestamp":"2025-04-23 2:37:33",
        "Click URL":"https:\/\/wikipedia.org\/search?q=how+to+cook+pasta"
    },
    {
        "Query":"best smartphones 2025",
        "User ID":5834,
        "Timestamp":"2025-03-18 3:40:25",
        "Click URL":"https:\/\/news.com\/search?q=best+smartphones+2025"
    },
    {
        "Query":"best smartphones 2025",
        "User ID":5912,
        "Timestamp":"2025-01-17 20:31:10",
        "Click URL":"https:\/\/google.com\/search?q=how+to+cook+pasta"
    },
    {
        "Query":"fitness tips",
        "User ID":1634,
        "Timestamp":"2025-01-24 22:36:38",
        "Click URL":"https:\/\/amazon.com\/search?q=latest+AI+trends"
    }
]