[
    {
        "Query":"history of the internet",
        "User ID":4132,
        "Timestamp":"2025-05-24 22:38:19",
        "Click URL":"https:\/\/amazon.com\/search?q=latest+AI+trends"
    },
    {
        "Query":"best smartphones 2025",
        "User ID":2949,
        "Timestamp":"2025-04-20 8:57:14",
        "Click URL":"https:\/\/amazon.com\/search?q=latest+AI+trends"
    },
    {
        "Query":"history of the internet",
        "User ID":6724,
        "Timestamp":"2025-07-14 4:24:8",
        "Click URL":"https:\/\/news.com\/search?q=history+of+the+internet"
    },
    {
        "Query":"best programming languages",
        "User ID":9653,
        "Timestamp":"2025-05-18 5:17:23",
        "Click URL":"https:\/\/wikipedia.org\/search?q=weather+in+New+York"
    },
    {
        "Query":"best programming languages",
        "User ID":7280,
        "Timestamp":"2025-01-28 13:15:54",
        "Click URL":"https:\/\/google.com\/search?q=top+movies+2025"
    },
    {
        "Query":"latest AI trends",
        "User ID":6863,
        "Timestamp":"2025-09-11 3:35:56",
        "Click URL":"https:\/\/wikipedia.org\/search?q=best+programming+languages"
    },
    {
        "Query":"how to cook pasta",
        "User ID":2034,
        "Timestamp":"2025-06-15 20:47:59",
        "Click URL":"https:\/\/wikipedia.org\/search?q=how+to+invest+in+stocks"
    },
    {
        "Query":"how to cook pasta",
        "User ID":5175,
        "Timestamp":"2025-04-17 5:53:42",
        "Click URL":"https:\/\/news.com\/search?q=fitness+tips"
    },
    {
        "Query":"fitness tips",
        "User ID":2958,
        "Timestamp":"2025-06-21 4:18:37",
        "Click URL":"https:\/\/wikipedia.org\/search?q=top+movies+2025"
    },
    {
        "Query":"best smartphones 2025",
        "User ID":8315,
        "Timestamp":"2025-01-26 1:28:17",
        "Click URL":"https:\/\/google.com\/search?q=best+programming+languages"
    },
    {
        "Query":"fitness tips",
        "User ID":9373,
        "Timestamp":"2025-02-23 16:39:27",
        "Click URL":"https:\/\/news.com\/search?q=fitness+tips"
    },
    {
        "Query":"cheap flights to London",
        "User ID":8397,
        "Timestamp":"2025-06-13 2:34:11",
        "Click URL":"https:\/\/youtube.com\/search?q=how+to+cook+pasta"
    },
    {
        "Query":"best smartphones 2025",
        "User ID":5774,
        "Timestamp":"2025-05-19 13:21:48",
        "Click URL":"https:\/\/youtube.com\/search?q=best+smartphones+2025"
    },
    {
        "Query":"fitness tips",
        "User ID":5392,
        "Timestamp":"2025-06-21 21:57:6",
        "Click URL":"https:\/\/google.com\/search?q=fitness+tips"
    },
    {
        "Query":"fitness tips",
        "User ID":3447,
        "Timestamp":"2025-08-16 23:19:43",
        "Click URL":"https:\/\/youtube.com\/search?q=top+movies+2025"
    },
    {
        "Query":"how to invest in stocks",
        "User ID":6805,
        "Timestamp":"2025-01-17 22:43:15",
        "Click URL":"https:\/\/news.com\/search?q=history+of+the+internet"
    },
    {
        "Query":"how to cook pasta",
        "User ID":3499,
        "Timestamp":"2025-08-15 3:4:43",
        "Click URL":"https:\/\/amazon.com\/search?q=best+programming+languages"
    },
    {
        "Query":"history of the internet",
        "User ID":7238,
        "Timestamp":"2025-05-21 0:39:24",
        "Click URL":"https:\/\/wikipedia.org\/search?q=how+to+cook+pasta"
    },
    {
        "Query":"cheap flights to London",
        "User ID":5252,
        "Timestamp":"2025-09-26 23:20:43",
        "Click URL":"https:\/\/amazon.com\/search?q=how+to+invest+in+stocks"
    },
    {
        "Query":"fitness tips",
        "User ID":8337,
        "Timestamp":"2025-05-26 11:50:56",
        "Click URL":"https:\/\/news.com\/search?q=history+of+the+internet"
    },
    {
        "Query":"weather in New York",
        "User ID":8726,
        "Timestamp":"2025-04-19 15:50:12",
        "Click URL":"https:\/\/wikipedia.org\/search?q=weather+in+New+York"
    },
    {
        "Query":"best programming languages",
        "User ID":2926,
        "Timestamp":"2025-06-19 2:32:5",
        "Click URL":"https:\/\/youtube.com\/search?q=best+programming+languages"
    },
    {
        "Query":"cheap flights to London",
        "User ID":3396,
        "Timestamp":"2025-03-13 15:9:18",
        "Click URL":"https:\/\/youtube.com\/search?q=best+programming+languages"
    },
    {
        "Query":"top movies 2025",
        "User ID":3830,
        "Timestamp":"2025-02-28 3:33:15",
        "Click URL":"https:\/\/wikipedia.org\/search?q=best+programming+languages"
    },
    {
        "Query":"top movies 2025",
        "User ID":5929,
        "Timestamp":"2025-09-18 3:42:0",
        "Click URL":"https:\/\/news.com\/search?q=how+to+cook+pasta"
    },
    {
        "Query":"how to cook pasta",
        "User ID":9724,
        "Timestamp":"2025-01-21 10:15:45",
        "Click URL":"https:\/\/news.com\/search?q=best+programming+languages"
    },
    {
        "Query":"cheap flights to London",
        "User ID":9054,
        "Timestamp":"2025-08-18 9:44:47",
        "Click URL":"https:\/\/youtube.com\/search?q=cheap+flights+to+London"
    },
    {
        "Query":"latest AI trends",
        "User ID":7514,
        "Timestamp":"2025-02-21 7:47:43",
        "Click URL":"https:\/\/google.com\/search?q=latest+AI+trends"
    },
    {
        "Query":"top movies 2025",
        "User ID":4844,
        "Timestamp":"2025-02-20 4:37:53",
        "Click URL":"https:\/\/youtube.com\/search?q=weather+in+New+York"
    },
    {
        "Query":"best programming languages",
        "User ID":8605,
        "Timestamp":"2025-02-24 1:59:45",
        "Click URL":"https:\/\/google.com\/search?q=how+to+cook+pasta"
    },
    {
        "Query":"fitness tips",
        "User ID":1707,
        "Timestamp":"2025-07-21 15:37:12",
        "Click URL":"https:\/\/youtube.com\/search?q=fitness+tips"
    },
    {
        "Query":"how to invest in stocks",
        "User ID":2459,
        "Timestamp":"2025-05-13 5:20:24",
        "Click URL":"https:\/\/news.com\/search?q=best+smartphones+2025"
    },
    {
        "Query":"best smartphones 2025",
        "User ID":6865,
        "Timestamp":"2025-09-20 5:30:46",
        "Click URL":"https:\/\/wikipedia.org\/search?q=best+programming+languages"
    },
    {
        "Query":"history of the internet",
        "User ID":9828,
        "Timestamp":"2025-01-26 16:52:32",
        "Click URL":"https:\/\/news.com\/search?q=cheap+flights+to+London"
    },
    {
        "Query":"how to invest in stocks",
        "User ID":3932,
        "Timestamp":"2025-04-28 17:42:32",
        "Click URL":"https:\/\/google.com\/search?q=how+to+invest+in+stocks"
    },
    {
        "Query":"fitness tips",
        "User ID":3574,
        "Timestamp":"2025-08-14 20:41:58",
        "Click URL":"https:\/\/amazon.com\/search?q=best+smartphones+2025"
    },
    {
        "Query":"how to invest in stocks",
        "User ID":7862,
        "Timestamp":"2025-08-23 8:16:1",
        "Click URL":"https:\/\/youtube.com\/search?q=fitness+tips"
    },
    {
        "Query":"fitness tips",
        "User ID":3220,
        "Timestamp":"2025-03-19 10:56:29",
        "Click URL":"https:\/\/wikipedia.org\/search?q=best+programming+languages"
    },
    {
        "Query":"how to cook pasta",
        "User ID":8988,
        "Timestamp":"2025-05-18 1:0:6",
        "Click URL":"https:\/\/amazon.com\/search?q=top+movies+2025"
    },
    {
        "Query":"history of the internet",
        "User ID":1291,
        "Timestamp":"2025-07-19 11:0:14",
        "Click URL":"https:\/\/news.com\/search?q=history+of+the+internet"
    },
    {
        "Query":"how to cook pasta",
        "User ID":5600,
        "Timestamp":"2025-05-19 12:52:5",
        "Click URL":"https:\/\/amazon.com\/search?q=best+programming+languages"
    },
    {
        "Query":"weather in New York",
        "User ID":5443,
        "Timestamp":"2025-01-17 2:3:9",
        "Click URL":"https:\/\/youtube.com\/search?q=best+programming+languages"
    },
    {
        "Query":"weather in New York",
        "User ID":5388,
        "Timestamp":"2025-05-28 9:10:15",
        "Click URL":"https:\/\/wikipedia.org\/search?q=top+movies+2025"
    },
    {
        "Query":"best programming languages",
        "User ID":7156,
        "Timestamp":"2025-02-19 21:15:38",
        "Click URL":"https:\/\/youtube.com\/search?q=weather+in+New+York"
    },
    {
        "Query":"history of the internet",
        "User ID":3195,
        "Timestamp":"2025-08-28 18:30:21",
        "Click URL":"https:\/\/news.com\/search?q=fitness+tips"
    },
    {
        "Query":"how to invest in stocks",
        "User ID":5678,
        "Timestamp":"2025-02-11 0:16:23",
        "Click URL":"https:\/\/wikipedia.org\/search?q=best+programming+languages"
    },
    {
        "Query":"how to invest in stocks",
        "User ID":9581,
        "Timestamp":"2025-06-24 5:44:5",
        "Click URL":"https:\/\/amazon.com\/search?q=how+to+invest+in+stocks"
    },
    {
        "Query":"cheap flights to London",
        "User ID":5192,
        "Timestamp":"2025-05-24 1:8:56",
        "Click URL":"https:\/\/amazon.com\/search?q=best+smartphones+2025"
    },
    {
        "Query":"how to invest in stocks",
        "User ID":8986,
        "Timestamp":"2025-02-25 1:52:37",
        "Click URL":"https:\/\/google.com\/search?q=latest+AI+trends"
    },
    {
        "Query":"latest AI trends",
        "User ID":2979,
        "Timestamp":"2025-07-16 21:30:15",
        "Click URL":"https:\/\/google.com\/search?q=fitness+tips"
    }
]