[
    {
        "Query":"how to invest in stocks",
        "User ID":5298,
        "Timestamp":"2025-01-25 14:44:24",
        "Click URL":"https:\/\/news.com\/search?q=how+to+cook+pasta"
    },
    {
        "Query":"best programming languages",
        "User ID":4101,
        "Timestamp":"2025-07-20 16:3:49",
        "Click URL":"https:\/\/youtube.com\/search?q=how+to+invest+in+stocks"
    },
    {
        "Query":"history of the internet",
        "User ID":5022,
        "Timestamp":"2025-07-25 21:42:46",
        "Click URL":"https:\/\/amazon.com\/search?q=cheap+flights+to+London"
    },
    {
        "Query":"history of the internet",
        "User ID":9743,
        "Timestamp":"2025-07-10 4:8:6",
        "Click URL":"https:\/\/youtube.com\/search?q=cheap+flights+to+London"
    },
    {
        "Query":"best programming languages",
        "User ID":1960,
        "Timestamp":"2025-06-27 17:45:50",
        "Click URL":"https:\/\/google.com\/search?q=weather+in+New+York"
    },
    {
        "Query":"history of the internet",
        "User ID":8770,
        "Timestamp":"2025-05-17 14:20:32",
        "Click URL":"https:\/\/youtube.com\/search?q=history+of+the+internet"
    },
    {
        "Query":"weather in New York",
        "User ID":4795,
        "Timestamp":"2025-08-22 8:5:36",
        "Click URL":"https:\/\/youtube.com\/search?q=how+to+cook+pasta"
    },
    {
        "Query":"history of the internet",
        "User ID":8985,
        "Timestamp":"2025-04-14 11:2:26",
        "Click URL":"https:\/\/news.com\/search?q=best+programming+languages"
    },
    {
        "Query":"weather in New York",
        "User ID":2140,
        "Timestamp":"2025-04-23 6:11:36",
        "Click URL":"https:\/\/google.com\/search?q=how+to+invest+in+stocks"
    },
    {
        "Query":"weather in New York",
        "User ID":9510,
        "Timestamp":"2025-04-28 19:49:14",
        "Click URL":"https:\/\/youtube.com\/search?q=how+to+invest+in+stocks"
    },
    {
        "Query":"best smartphones 2025",
        "User ID":1148,
        "Timestamp":"2025-02-20 6:28:36",
        "Click URL":"https:\/\/news.com\/search?q=weather+in+New+York"
    },
    {
        "Query":"best smartphones 2025",
        "User ID":9558,
        "Timestamp":"2025-08-15 20:55:16",
        "Click URL":"https:\/\/news.com\/search?q=fitness+tips"
    },
    {
        "Query":"latest AI trends",
        "User ID":8772,
        "Timestamp":"2025-05-21 19:44:31",
        "Click URL":"https:\/\/google.com\/search?q=how+to+invest+in+stocks"
    },
    {
        "Query":"weather in New York",
        "User ID":4914,
        "Timestamp":"2025-06-14 19:56:25",
        "Click URL":"https:\/\/news.com\/search?q=top+movies+2025"
    },
    {
        "Query":"fitness tips",
        "User ID":4152,
        "Timestamp":"2025-06-27 20:29:51",
        "Click URL":"https:\/\/wikipedia.org\/search?q=cheap+flights+to+London"
    },
    {
        "Query":"cheap flights to London",
        "User ID":7047,
        "Timestamp":"2025-07-15 16:14:58",
        "Click URL":"https:\/\/wikipedia.org\/search?q=cheap+flights+to+London"
    },
    {
        "Query":"history of the internet",
        "User ID":6011,
        "Timestamp":"2025-07-20 3:7:23",
        "Click URL":"https:\/\/wikipedia.org\/search?q=how+to+cook+pasta"
    },
    {
        "Query":"cheap flights to London",
        "User ID":5600,
        "Timestamp":"2025-02-15 10:1:2",
        "Click URL":"https:\/\/youtube.com\/search?q=latest+AI+trends"
    },
    {
        "Query":"history of the internet",
        "User ID":3782,
        "Timestamp":"2025-03-19 12:53:48",
        "Click URL":"https:\/\/google.com\/search?q=fitness+tips"
    },
    {
        "Query":"top movies 2025",
        "User ID":7550,
        "Timestamp":"2025-03-22 18:28:54",
        "Click URL":"https:\/\/youtube.com\/search?q=fitness+tips"
    },
    {
        "Query":"latest AI trends",
        "User ID":8628,
        "Timestamp":"2025-08-12 19:23:43",
        "Click URL":"https:\/\/news.com\/search?q=latest+AI+trends"
    },
    {
        "Query":"best smartphones 2025",
        "User ID":9177,
        "Timestamp":"2025-04-18 22:58:13",
        "Click URL":"https:\/\/google.com\/search?q=best+programming+languages"
    },
    {
        "Query":"best smartphones 2025",
        "User ID":9038,
        "Timestamp":"2025-05-18 10:49:52",
        "Click URL":"https:\/\/amazon.com\/search?q=history+of+the+internet"
    },
    {
        "Query":"latest AI trends",
        "User ID":2964,
        "Timestamp":"2025-06-20 23:52:32",
        "Click URL":"https:\/\/google.com\/search?q=best+programming+languages"
    },
    {
        "Query":"how to invest in stocks",
        "User ID":9600,
        "Timestamp":"2025-07-18 7:43:26",
        "Click URL":"https:\/\/wikipedia.org\/search?q=top+movies+2025"
    },
    {
        "Query":"cheap flights to London",
        "User ID":4558,
        "Timestamp":"2025-02-26 0:32:9",
        "Click URL":"https:\/\/wikipedia.org\/search?q=best+smartphones+2025"
    },
    {
        "Query":"latest AI trends",
        "User ID":1863,
        "Timestamp":"2025-01-13 0:34:40",
        "Click URL":"https:\/\/news.com\/search?q=latest+AI+trends"
    },
    {
        "Query":"history of the internet",
        "User ID":2040,
        "Timestamp":"2025-02-25 7:4:40",
        "Click URL":"https:\/\/wikipedia.org\/search?q=best+smartphones+2025"
    },
    {
        "Query":"how to cook pasta",
        "User ID":9766,
        "Timestamp":"2025-06-21 11:53:55",
        "Click URL":"https:\/\/news.com\/search?q=latest+AI+trends"
    },
    {
        "Query":"best programming languages",
        "User ID":3888,
        "Timestamp":"2025-09-22 1:29:58",
        "Click URL":"https:\/\/news.com\/search?q=top+movies+2025"
    },
    {
        "Query":"history of the internet",
        "User ID":1530,
        "Timestamp":"2025-07-18 12:24:46",
        "Click URL":"https:\/\/amazon.com\/search?q=how+to+cook+pasta"
    },
    {
        "Query":"how to cook pasta",
        "User ID":5939,
        "Timestamp":"2025-04-24 17:28:57",
        "Click URL":"https:\/\/wikipedia.org\/search?q=history+of+the+internet"
    },
    {
        "Query":"how to invest in stocks",
        "User ID":9694,
        "Timestamp":"2025-05-27 11:59:12",
        "Click URL":"https:\/\/google.com\/search?q=latest+AI+trends"
    },
    {
        "Query":"top movies 2025",
        "User ID":9208,
        "Timestamp":"2025-06-21 21:40:9",
        "Click URL":"https:\/\/youtube.com\/search?q=history+of+the+internet"
    },
    {
        "Query":"latest AI trends",
        "User ID":5390,
        "Timestamp":"2025-09-21 11:20:52",
        "Click URL":"https:\/\/amazon.com\/search?q=fitness+tips"
    },
    {
        "Query":"history of the internet",
        "User ID":8563,
        "Timestamp":"2025-08-21 1:55:48",
        "Click URL":"https:\/\/youtube.com\/search?q=best+programming+languages"
    },
    {
        "Query":"how to cook pasta",
        "User ID":9654,
        "Timestamp":"2025-06-19 14:10:15",
        "Click URL":"https:\/\/youtube.com\/search?q=weather+in+New+York"
    },
    {
        "Query":"cheap flights to London",
        "User ID":8456,
        "Timestamp":"2025-03-25 13:56:57",
        "Click URL":"https:\/\/news.com\/search?q=how+to+invest+in+stocks"
    },
    {
        "Query":"latest AI trends",
        "User ID":1928,
        "Timestamp":"2025-07-25 22:51:19",
        "Click URL":"https:\/\/google.com\/search?q=how+to+invest+in+stocks"
    },
    {
        "Query":"cheap flights to London",
        "User ID":5340,
        "Timestamp":"2025-08-27 14:1:5",
        "Click URL":"https:\/\/wikipedia.org\/search?q=history+of+the+internet"
    },
    {
        "Query":"latest AI trends",
        "User ID":9201,
        "Timestamp":"2025-07-15 20:18:14",
        "Click URL":"https:\/\/news.com\/search?q=how+to+cook+pasta"
    },
    {
        "Query":"how to invest in stocks",
        "User ID":1673,
        "Timestamp":"2025-05-13 2:23:27",
        "Click URL":"https:\/\/youtube.com\/search?q=latest+AI+trends"
    },
    {
        "Query":"weather in New York",
        "User ID":4066,
        "Timestamp":"2025-01-11 21:32:8",
        "Click URL":"https:\/\/youtube.com\/search?q=history+of+the+internet"
    },
    {
        "Query":"best smartphones 2025",
        "User ID":8039,
        "Timestamp":"2025-07-26 14:1:39",
        "Click URL":"https:\/\/news.com\/search?q=top+movies+2025"
    },
    {
        "Query":"how to invest in stocks",
        "User ID":7501,
        "Timestamp":"2025-09-28 23:6:55",
        "Click URL":"https:\/\/wikipedia.org\/search?q=weather+in+New+York"
    },
    {
        "Query":"top movies 2025",
        "User ID":4008,
        "Timestamp":"2025-06-16 21:10:1",
        "Click URL":"https:\/\/wikipedia.org\/search?q=best+programming+languages"
    },
    {
        "Query":"best smartphones 2025",
        "User ID":2369,
        "Timestamp":"2025-05-21 20:28:19",
        "Click URL":"https:\/\/amazon.com\/search?q=how+to+cook+pasta"
    },
    {
        "Query":"latest AI trends",
        "User ID":7958,
        "Timestamp":"2025-03-19 5:46:26",
        "Click URL":"https:\/\/google.com\/search?q=fitness+tips"
    },
    {
        "Query":"history of the internet",
        "User ID":6869,
        "Timestamp":"2025-03-23 8:14:55",
        "Click URL":"https:\/\/wikipedia.org\/search?q=best+programming+languages"
    },
    {
        "Query":"best programming languages",
        "User ID":6639,
        "Timestamp":"2025-05-11 0:14:20",
        "Click URL":"https:\/\/google.com\/search?q=weather+in+New+York"
    }
]