[
    {
        "Query":"latest AI trends",
        "User ID":5555,
        "Timestamp":"2025-07-23 13:14:37",
        "Click URL":"https:\/\/wikipedia.org\/search?q=fitness+tips"
    },
    {
        "Query":"top movies 2025",
        "User ID":7983,
        "Timestamp":"2025-02-27 7:43:19",
        "Click URL":"https:\/\/amazon.com\/search?q=history+of+the+internet"
    },
    {
        "Query":"fitness tips",
        "User ID":6770,
        "Timestamp":"2025-04-22 12:38:0",
        "Click URL":"https:\/\/wikipedia.org\/search?q=top+movies+2025"
    },
    {
        "Query":"how to cook pasta",
        "User ID":1981,
        "Timestamp":"2025-04-28 2:16:8",
        "Click URL":"https:\/\/wikipedia.org\/search?q=weather+in+New+York"
    },
    {
        "Query":"fitness tips",
        "User ID":7362,
        "Timestamp":"2025-04-10 20:18:34",
        "Click URL":"https:\/\/youtube.com\/search?q=history+of+the+internet"
    },
    {
        "Query":"how to invest in stocks",
        "User ID":6824,
        "Timestamp":"2025-05-10 20:31:23",
        "Click URL":"https:\/\/amazon.com\/search?q=cheap+flights+to+London"
    },
    {
        "Query":"top movies 2025",
        "User ID":7009,
        "Timestamp":"2025-08-20 4:13:29",
        "Click URL":"https:\/\/google.com\/search?q=top+movies+2025"
    },
    {
        "Query":"top movies 2025",
        "User ID":2580,
        "Timestamp":"2025-07-25 19:58:40",
        "Click URL":"https:\/\/google.com\/search?q=best+programming+languages"
    },
    {
        "Query":"best smartphones 2025",
        "User ID":5279,
        "Timestamp":"2025-01-14 18:19:37",
        "Click URL":"https:\/\/youtube.com\/search?q=best+programming+languages"
    },
    {
        "Query":"how to cook pasta",
        "User ID":4700,
        "Timestamp":"2025-03-12 17:8:30",
        "Click URL":"https:\/\/youtube.com\/search?q=top+movies+2025"
    },
    {
        "Query":"cheap flights to London",
        "User ID":4412,
        "Timestamp":"2025-09-10 10:2:35",
        "Click URL":"https:\/\/amazon.com\/search?q=fitness+tips"
    },
    {
        "Query":"cheap flights to London",
        "User ID":1446,
        "Timestamp":"2025-04-28 7:4:25",
        "Click URL":"https:\/\/youtube.com\/search?q=how+to+cook+pasta"
    },
    {
        "Query":"cheap flights to London",
        "User ID":8033,
        "Timestamp":"2025-03-13 9:6:54",
        "Click URL":"https:\/\/google.com\/search?q=top+movies+2025"
    },
    {
        "Query":"weather in New York",
        "User ID":2073,
        "Timestamp":"2025-03-12 23:28:3",
        "Click URL":"https:\/\/google.com\/search?q=fitness+tips"
    },
    {
        "Query":"history of the internet",
        "User ID":1383,
        "Timestamp":"2025-01-12 2:4:28",
        "Click URL":"https:\/\/youtube.com\/search?q=best+smartphones+2025"
    },
    {
        "Query":"how to invest in stocks",
        "User ID":1498,
        "Timestamp":"2025-08-16 18:55:16",
        "Click URL":"https:\/\/wikipedia.org\/search?q=how+to+cook+pasta"
    },
    {
        "Query":"weather in New York",
        "User ID":8471,
        "Timestamp":"2025-02-10 7:56:7",
        "Click URL":"https:\/\/amazon.com\/search?q=cheap+flights+to+London"
    },
    {
        "Query":"history of the internet",
        "User ID":9194,
        "Timestamp":"2025-01-17 13:34:39",
        "Click URL":"https:\/\/youtube.com\/search?q=fitness+tips"
    },
    {
        "Query":"top movies 2025",
        "User ID":8833,
        "Timestamp":"2025-08-13 8:46:52",
        "Click URL":"https:\/\/amazon.com\/search?q=best+programming+languages"
    },
    {
        "Query":"how to cook pasta",
        "User ID":4215,
        "Timestamp":"2025-04-28 3:56:9",
        "Click URL":"https:\/\/news.com\/search?q=best+smartphones+2025"
    },
    {
        "Query":"how to invest in stocks",
        "User ID":7827,
        "Timestamp":"2025-04-13 9:18:46",
        "Click URL":"https:\/\/amazon.com\/search?q=best+programming+languages"
    },
    {
        "Query":"history of the internet",
        "User ID":8331,
        "Timestamp":"2025-04-24 7:6:16",
        "Click URL":"https:\/\/amazon.com\/search?q=history+of+the+internet"
    },
    {
        "Query":"how to invest in stocks",
        "User ID":2615,
        "Timestamp":"2025-06-18 13:30:6",
        "Click URL":"https:\/\/youtube.com\/search?q=how+to+cook+pasta"
    },
    {
        "Query":"best programming languages",
        "User ID":7082,
        "Timestamp":"2025-05-26 17:37:6",
        "Click URL":"https:\/\/amazon.com\/search?q=fitness+tips"
    },
    {
        "Query":"fitness tips",
        "User ID":5514,
        "Timestamp":"2025-07-10 10:8:6",
        "Click URL":"https:\/\/news.com\/search?q=latest+AI+trends"
    },
    {
        "Query":"top movies 2025",
        "User ID":4643,
        "Timestamp":"2025-07-17 7:34:32",
        "Click URL":"https:\/\/news.com\/search?q=cheap+flights+to+London"
    },
    {
        "Query":"history of the internet",
        "User ID":3320,
        "Timestamp":"2025-07-21 19:52:48",
        "Click URL":"https:\/\/youtube.com\/search?q=best+smartphones+2025"
    },
    {
        "Query":"history of the internet",
        "User ID":7700,
        "Timestamp":"2025-03-13 18:55:56",
        "Click URL":"https:\/\/google.com\/search?q=weather+in+New+York"
    },
    {
        "Query":"best programming languages",
        "User ID":5689,
        "Timestamp":"2025-06-27 22:28:36",
        "Click URL":"https:\/\/youtube.com\/search?q=best+programming+languages"
    },
    {
        "Query":"how to cook pasta",
        "User ID":4094,
        "Timestamp":"2025-03-24 9:40:40",
        "Click URL":"https:\/\/wikipedia.org\/search?q=latest+AI+trends"
    },
    {
        "Query":"fitness tips",
        "User ID":5739,
        "Timestamp":"2025-07-22 10:54:17",
        "Click URL":"https:\/\/news.com\/search?q=top+movies+2025"
    },
    {
        "Query":"best smartphones 2025",
        "User ID":8847,
        "Timestamp":"2025-05-15 0:45:25",
        "Click URL":"https:\/\/youtube.com\/search?q=top+movies+2025"
    },
    {
        "Query":"how to invest in stocks",
        "User ID":6341,
        "Timestamp":"2025-04-13 12:11:30",
        "Click URL":"https:\/\/news.com\/search?q=history+of+the+internet"
    },
    {
        "Query":"fitness tips",
        "User ID":5382,
        "Timestamp":"2025-01-19 3:48:53",
        "Click URL":"https:\/\/amazon.com\/search?q=cheap+flights+to+London"
    },
    {
        "Query":"top movies 2025",
        "User ID":3630,
        "Timestamp":"2025-08-27 18:24:16",
        "Click URL":"https:\/\/news.com\/search?q=fitness+tips"
    },
    {
        "Query":"top movies 2025",
        "User ID":2836,
        "Timestamp":"2025-02-17 10:48:58",
        "Click URL":"https:\/\/google.com\/search?q=how+to+cook+pasta"
    },
    {
        "Query":"best smartphones 2025",
        "User ID":5999,
        "Timestamp":"2025-03-16 16:4:58",
        "Click URL":"https:\/\/amazon.com\/search?q=latest+AI+trends"
    },
    {
        "Query":"weather in New York",
        "User ID":9668,
        "Timestamp":"2025-09-20 5:1:57",
        "Click URL":"https:\/\/google.com\/search?q=weather+in+New+York"
    },
    {
        "Query":"fitness tips",
        "User ID":3262,
        "Timestamp":"2025-04-21 21:36:55",
        "Click URL":"https:\/\/youtube.com\/search?q=top+movies+2025"
    },
    {
        "Query":"how to invest in stocks",
        "User ID":2084,
        "Timestamp":"2025-04-22 22:26:7",
        "Click URL":"https:\/\/amazon.com\/search?q=history+of+the+internet"
    },
    {
        "Query":"latest AI trends",
        "User ID":2550,
        "Timestamp":"2025-09-26 4:6:58",
        "Click URL":"https:\/\/youtube.com\/search?q=top+movies+2025"
    },
    {
        "Query":"best programming languages",
        "User ID":2587,
        "Timestamp":"2025-04-20 13:4:25",
        "Click URL":"https:\/\/news.com\/search?q=fitness+tips"
    },
    {
        "Query":"top movies 2025",
        "User ID":1359,
        "Timestamp":"2025-06-14 13:2:30",
        "Click URL":"https:\/\/amazon.com\/search?q=top+movies+2025"
    },
    {
        "Query":"best programming languages",
        "User ID":4754,
        "Timestamp":"2025-08-22 19:28:6",
        "Click URL":"https:\/\/news.com\/search?q=how+to+invest+in+stocks"
    },
    {
        "Query":"weather in New York",
        "User ID":5542,
        "Timestamp":"2025-09-19 10:54:40",
        "Click URL":"https:\/\/amazon.com\/search?q=history+of+the+internet"
    },
    {
        "Query":"how to cook pasta",
        "User ID":3481,
        "Timestamp":"2025-06-20 11:3:1",
        "Click URL":"https:\/\/google.com\/search?q=cheap+flights+to+London"
    },
    {
        "Query":"weather in New York",
        "User ID":4390,
        "Timestamp":"2025-08-26 19:37:15",
        "Click URL":"https:\/\/youtube.com\/search?q=best+smartphones+2025"
    },
    {
        "Query":"how to invest in stocks",
        "User ID":9013,
        "Timestamp":"2025-07-15 1:20:33",
        "Click URL":"https:\/\/google.com\/search?q=best+smartphones+2025"
    },
    {
        "Query":"latest AI trends",
        "User ID":2103,
        "Timestamp":"2025-08-10 21:36:36",
        "Click URL":"https:\/\/amazon.com\/search?q=best+programming+languages"
    },
    {
        "Query":"best programming languages",
        "User ID":8738,
        "Timestamp":"2025-02-20 16:52:20",
        "Click URL":"https:\/\/news.com\/search?q=how+to+cook+pasta"
    }
]