[
    {
        "Query":"how to cook pasta",
        "User ID":4965,
        "Timestamp":"2025-01-18 4:16:9",
        "Click URL":"https:\/\/google.com\/search?q=top+movies+2025"
    },
    {
        "Query":"best programming languages",
        "User ID":4743,
        "Timestamp":"2025-02-22 17:52:21",
        "Click URL":"https:\/\/wikipedia.org\/search?q=how+to+cook+pasta"
    },
    {
        "Query":"latest AI trends",
        "User ID":3395,
        "Timestamp":"2025-01-12 3:43:29",
        "Click URL":"https:\/\/wikipedia.org\/search?q=fitness+tips"
    },
    {
        "Query":"fitness tips",
        "User ID":6033,
        "Timestamp":"2025-01-14 19:23:36",
        "Click URL":"https:\/\/google.com\/search?q=latest+AI+trends"
    },
    {
        "Query":"latest AI trends",
        "User ID":2210,
        "Timestamp":"2025-04-10 0:55:5",
        "Click URL":"https:\/\/google.com\/search?q=weather+in+New+York"
    },
    {
        "Query":"best smartphones 2025",
        "User ID":8760,
        "Timestamp":"2025-01-18 3:37:42",
        "Click URL":"https:\/\/wikipedia.org\/search?q=best+programming+languages"
    },
    {
        "Query":"top movies 2025",
        "User ID":1688,
        "Timestamp":"2025-01-27 19:57:28",
        "Click URL":"https:\/\/youtube.com\/search?q=fitness+tips"
    },
    {
        "Query":"top movies 2025",
        "User ID":1289,
        "Timestamp":"2025-03-26 19:36:43",
        "Click URL":"https:\/\/wikipedia.org\/search?q=best+smartphones+2025"
    },
    {
        "Query":"latest AI trends",
        "User ID":5166,
        "Timestamp":"2025-01-19 10:58:3",
        "Click URL":"https:\/\/wikipedia.org\/search?q=weather+in+New+York"
    },
    {
        "Query":"how to invest in stocks",
        "User ID":6838,
        "Timestamp":"2025-01-16 9:50:34",
        "Click URL":"https:\/\/wikipedia.org\/search?q=best+programming+languages"
    },
    {
        "Query":"fitness tips",
        "User ID":1920,
        "Timestamp":"2025-09-15 6:7:13",
        "Click URL":"https:\/\/wikipedia.org\/search?q=how+to+cook+pasta"
    },
    {
        "Query":"history of the internet",
        "User ID":3725,
        "Timestamp":"2025-07-12 23:11:56",
        "Click URL":"https:\/\/youtube.com\/search?q=history+of+the+internet"
    },
    {
        "Query":"weather in New York",
        "User ID":3202,
        "Timestamp":"2025-02-23 10:23:23",
        "Click URL":"https:\/\/youtube.com\/search?q=top+movies+2025"
    },
    {
        "Query":"top movies 2025",
        "User ID":7132,
        "Timestamp":"2025-03-10 14:28:57",
        "Click URL":"https:\/\/wikipedia.org\/search?q=how+to+invest+in+stocks"
    },
    {
        "Query":"fitness tips",
        "User ID":1452,
        "Timestamp":"2025-01-17 18:49:42",
        "Click URL":"https:\/\/youtube.com\/search?q=weather+in+New+York"
    },
    {
        "Query":"how to invest in stocks",
        "User ID":6846,
        "Timestamp":"2025-04-12 5:34:15",
        "Click URL":"https:\/\/amazon.com\/search?q=how+to+cook+pasta"
    },
    {
        "Query":"best smartphones 2025",
        "User ID":7839,
        "Timestamp":"2025-05-18 12:49:25",
        "Click URL":"https:\/\/amazon.com\/search?q=fitness+tips"
    },
    {
        "Query":"how to invest in stocks",
        "User ID":7360,
        "Timestamp":"2025-01-10 15:3:9",
        "Click URL":"https:\/\/google.com\/search?q=best+programming+languages"
    },
    {
        "Query":"latest AI trends",
        "User ID":9794,
        "Timestamp":"2025-01-18 20:1:16",
        "Click URL":"https:\/\/amazon.com\/search?q=fitness+tips"
    },
    {
        "Query":"best smartphones 2025",
        "User ID":5332,
        "Timestamp":"2025-07-11 22:6:54",
        "Click URL":"https:\/\/news.com\/search?q=latest+AI+trends"
    },
    {
        "Query":"best programming languages",
        "User ID":5954,
        "Timestamp":"2025-08-14 8:9:47",
        "Click URL":"https:\/\/amazon.com\/search?q=weather+in+New+York"
    },
    {
        "Query":"top movies 2025",
        "User ID":7264,
        "Timestamp":"2025-04-12 6:0:32",
        "Click URL":"https:\/\/news.com\/search?q=best+programming+languages"
    },
    {
        "Query":"how to cook pasta",
        "User ID":1058,
        "Timestamp":"2025-07-28 17:54:6",
        "Click URL":"https:\/\/amazon.com\/search?q=fitness+tips"
    },
    {
        "Query":"weather in New York",
        "User ID":3363,
        "Timestamp":"2025-07-14 16:5:28",
        "Click URL":"https:\/\/amazon.com\/search?q=how+to+invest+in+stocks"
    },
    {
        "Query":"top movies 2025",
        "User ID":6971,
        "Timestamp":"2025-01-20 20:53:25",
        "Click URL":"https:\/\/wikipedia.org\/search?q=fitness+tips"
    },
    {
        "Query":"history of the internet",
        "User ID":3714,
        "Timestamp":"2025-06-25 11:30:39",
        "Click URL":"https:\/\/youtube.com\/search?q=latest+AI+trends"
    },
    {
        "Query":"weather in New York",
        "User ID":4882,
        "Timestamp":"2025-01-11 9:23:44",
        "Click URL":"https:\/\/news.com\/search?q=latest+AI+trends"
    },
    {
        "Query":"best programming languages",
        "User ID":6453,
        "Timestamp":"2025-01-17 14:51:14",
        "Click URL":"https:\/\/wikipedia.org\/search?q=fitness+tips"
    },
    {
        "Query":"top movies 2025",
        "User ID":7156,
        "Timestamp":"2025-05-19 15:44:38",
        "Click URL":"https:\/\/youtube.com\/search?q=fitness+tips"
    },
    {
        "Query":"best smartphones 2025",
        "User ID":3163,
        "Timestamp":"2025-07-18 18:57:35",
        "Click URL":"https:\/\/youtube.com\/search?q=cheap+flights+to+London"
    },
    {
        "Query":"weather in New York",
        "User ID":3041,
        "Timestamp":"2025-06-28 5:15:5",
        "Click URL":"https:\/\/news.com\/search?q=top+movies+2025"
    },
    {
        "Query":"best smartphones 2025",
        "User ID":4669,
        "Timestamp":"2025-01-22 19:11:45",
        "Click URL":"https:\/\/wikipedia.org\/search?q=how+to+cook+pasta"
    },
    {
        "Query":"fitness tips",
        "User ID":1173,
        "Timestamp":"2025-06-17 14:34:46",
        "Click URL":"https:\/\/wikipedia.org\/search?q=best+programming+languages"
    },
    {
        "Query":"how to cook pasta",
        "User ID":2126,
        "Timestamp":"2025-03-26 10:49:53",
        "Click URL":"https:\/\/google.com\/search?q=history+of+the+internet"
    },
    {
        "Query":"history of the internet",
        "User ID":1976,
        "Timestamp":"2025-05-15 12:49:31",
        "Click URL":"https:\/\/wikipedia.org\/search?q=best+smartphones+2025"
    },
    {
        "Query":"cheap flights to London",
        "User ID":5406,
        "Timestamp":"2025-09-21 7:7:28",
        "Click URL":"https:\/\/youtube.com\/search?q=latest+AI+trends"
    },
    {
        "Query":"best smartphones 2025",
        "User ID":7096,
        "Timestamp":"2025-03-15 11:54:41",
        "Click URL":"https:\/\/news.com\/search?q=how+to+invest+in+stocks"
    },
    {
        "Query":"how to cook pasta",
        "User ID":3584,
        "Timestamp":"2025-01-21 0:36:4",
        "Click URL":"https:\/\/google.com\/search?q=top+movies+2025"
    },
    {
        "Query":"best programming languages",
        "User ID":2291,
        "Timestamp":"2025-07-21 2:23:38",
        "Click URL":"https:\/\/youtube.com\/search?q=weather+in+New+York"
    },
    {
        "Query":"latest AI trends",
        "User ID":4564,
        "Timestamp":"2025-02-22 1:11:7",
        "Click URL":"https:\/\/news.com\/search?q=best+programming+languages"
    },
    {
        "Query":"cheap flights to London",
        "User ID":2836,
        "Timestamp":"2025-04-24 8:35:36",
        "Click URL":"https:\/\/amazon.com\/search?q=best+smartphones+2025"
    },
    {
        "Query":"how to cook pasta",
        "User ID":3615,
        "Timestamp":"2025-02-13 3:48:52",
        "Click URL":"https:\/\/news.com\/search?q=history+of+the+internet"
    },
    {
        "Query":"top movies 2025",
        "User ID":9393,
        "Timestamp":"2025-05-21 14:34:28",
        "Click URL":"https:\/\/amazon.com\/search?q=latest+AI+trends"
    },
    {
        "Query":"how to invest in stocks",
        "User ID":8615,
        "Timestamp":"2025-06-26 2:7:18",
        "Click URL":"https:\/\/wikipedia.org\/search?q=how+to+cook+pasta"
    },
    {
        "Query":"how to cook pasta",
        "User ID":6863,
        "Timestamp":"2025-02-28 5:5:46",
        "Click URL":"https:\/\/google.com\/search?q=best+programming+languages"
    },
    {
        "Query":"cheap flights to London",
        "User ID":3217,
        "Timestamp":"2025-08-16 22:6:20",
        "Click URL":"https:\/\/news.com\/search?q=how+to+cook+pasta"
    },
    {
        "Query":"top movies 2025",
        "User ID":8488,
        "Timestamp":"2025-05-14 10:27:56",
        "Click URL":"https:\/\/wikipedia.org\/search?q=history+of+the+internet"
    },
    {
        "Query":"fitness tips",
        "User ID":4993,
        "Timestamp":"2025-06-18 8:5:18",
        "Click URL":"https:\/\/amazon.com\/search?q=top+movies+2025"
    },
    {
        "Query":"fitness tips",
        "User ID":8187,
        "Timestamp":"2025-07-14 22:49:17",
        "Click URL":"https:\/\/news.com\/search?q=cheap+flights+to+London"
    },
    {
        "Query":"weather in New York",
        "User ID":5194,
        "Timestamp":"2025-07-26 13:41:20",
        "Click URL":"https:\/\/news.com\/search?q=best+smartphones+2025"
    }
]