[
    {
        "Query":"best programming languages",
        "User ID":3916,
        "Timestamp":"2025-05-27 14:40:34",
        "Click URL":"https:\/\/youtube.com\/search?q=weather+in+New+York"
    },
    {
        "Query":"best smartphones 2025",
        "User ID":9267,
        "Timestamp":"2025-05-28 5:11:21",
        "Click URL":"https:\/\/google.com\/search?q=best+programming+languages"
    },
    {
        "Query":"fitness tips",
        "User ID":8612,
        "Timestamp":"2025-03-28 20:30:23",
        "Click URL":"https:\/\/google.com\/search?q=weather+in+New+York"
    },
    {
        "Query":"top movies 2025",
        "User ID":3045,
        "Timestamp":"2025-09-10 3:46:4",
        "Click URL":"https:\/\/google.com\/search?q=how+to+invest+in+stocks"
    },
    {
        "Query":"best smartphones 2025",
        "User ID":4129,
        "Timestamp":"2025-09-14 23:29:29",
        "Click URL":"https:\/\/youtube.com\/search?q=latest+AI+trends"
    },
    {
        "Query":"history of the internet",
        "User ID":2504,
        "Timestamp":"2025-02-22 22:1:44",
        "Click URL":"https:\/\/youtube.com\/search?q=best+smartphones+2025"
    },
    {
        "Query":"how to cook pasta",
        "User ID":1727,
        "Timestamp":"2025-06-13 1:16:9",
        "Click URL":"https:\/\/google.com\/search?q=best+programming+languages"
    },
    {
        "Query":"how to invest in stocks",
        "User ID":5232,
        "Timestamp":"2025-09-17 22:3:12",
        "Click URL":"https:\/\/news.com\/search?q=fitness+tips"
    },
    {
        "Query":"top movies 2025",
        "User ID":1993,
        "Timestamp":"2025-01-27 22:36:51",
        "Click URL":"https:\/\/youtube.com\/search?q=cheap+flights+to+London"
    },
    {
        "Query":"latest AI trends",
        "User ID":9996,
        "Timestamp":"2025-01-13 23:49:55",
        "Click URL":"https:\/\/google.com\/search?q=cheap+flights+to+London"
    },
    {
        "Query":"weather in New York",
        "User ID":9335,
        "Timestamp":"2025-08-17 5:25:51",
        "Click URL":"https:\/\/amazon.com\/search?q=weather+in+New+York"
    },
    {
        "Query":"latest AI trends",
        "User ID":4813,
        "Timestamp":"2025-05-22 3:17:44",
        "Click URL":"https:\/\/amazon.com\/search?q=weather+in+New+York"
    },
    {
        "Query":"history of the internet",
        "User ID":9699,
        "Timestamp":"2025-05-12 2:27:14",
        "Click URL":"https:\/\/youtube.com\/search?q=cheap+flights+to+London"
    },
    {
        "Query":"top movies 2025",
        "User ID":6876,
        "Timestamp":"2025-01-13 23:31:46",
        "Click URL":"https:\/\/wikipedia.org\/search?q=how+to+invest+in+stocks"
    },
    {
        "Query":"how to invest in stocks",
        "User ID":4088,
        "Timestamp":"2025-09-11 3:43:24",
        "Click URL":"https:\/\/news.com\/search?q=weather+in+New+York"
    },
    {
        "Query":"cheap flights to London",
        "User ID":5580,
        "Timestamp":"2025-08-17 1:22:16",
        "Click URL":"https:\/\/amazon.com\/search?q=fitness+tips"
    },
    {
        "Query":"cheap flights to London",
        "User ID":4952,
        "Timestamp":"2025-04-16 9:9:10",
        "Click URL":"https:\/\/wikipedia.org\/search?q=history+of+the+internet"
    },
    {
        "Query":"top movies 2025",
        "User ID":1678,
        "Timestamp":"2025-09-22 0:37:25",
        "Click URL":"https:\/\/amazon.com\/search?q=how+to+cook+pasta"
    },
    {
        "Query":"history of the internet",
        "User ID":4202,
        "Timestamp":"2025-04-13 22:59:55",
        "Click URL":"https:\/\/youtube.com\/search?q=how+to+cook+pasta"
    },
    {
        "Query":"how to invest in stocks",
        "User ID":8315,
        "Timestamp":"2025-09-10 19:23:59",
        "Click URL":"https:\/\/youtube.com\/search?q=best+smartphones+2025"
    },
    {
        "Query":"fitness tips",
        "User ID":7342,
        "Timestamp":"2025-04-22 3:54:57",
        "Click URL":"https:\/\/google.com\/search?q=fitness+tips"
    },
    {
        "Query":"weather in New York",
        "User ID":2203,
        "Timestamp":"2025-02-20 22:20:20",
        "Click URL":"https:\/\/wikipedia.org\/search?q=weather+in+New+York"
    },
    {
        "Query":"latest AI trends",
        "User ID":1686,
        "Timestamp":"2025-08-27 2:34:31",
        "Click URL":"https:\/\/google.com\/search?q=cheap+flights+to+London"
    },
    {
        "Query":"top movies 2025",
        "User ID":3369,
        "Timestamp":"2025-05-23 4:39:44",
        "Click URL":"https:\/\/amazon.com\/search?q=weather+in+New+York"
    },
    {
        "Query":"weather in New York",
        "User ID":9860,
        "Timestamp":"2025-09-15 12:9:0",
        "Click URL":"https:\/\/google.com\/search?q=best+programming+languages"
    },
    {
        "Query":"best programming languages",
        "User ID":5517,
        "Timestamp":"2025-03-13 8:4:49",
        "Click URL":"https:\/\/wikipedia.org\/search?q=fitness+tips"
    },
    {
        "Query":"best programming languages",
        "User ID":4717,
        "Timestamp":"2025-05-11 2:27:18",
        "Click URL":"https:\/\/youtube.com\/search?q=best+smartphones+2025"
    },
    {
        "Query":"best programming languages",
        "User ID":3028,
        "Timestamp":"2025-07-18 10:17:7",
        "Click URL":"https:\/\/google.com\/search?q=fitness+tips"
    },
    {
        "Query":"best programming languages",
        "User ID":3545,
        "Timestamp":"2025-07-20 4:26:49",
        "Click URL":"https:\/\/google.com\/search?q=cheap+flights+to+London"
    },
    {
        "Query":"top movies 2025",
        "User ID":4646,
        "Timestamp":"2025-02-17 16:7:38",
        "Click URL":"https:\/\/youtube.com\/search?q=best+smartphones+2025"
    },
    {
        "Query":"fitness tips",
        "User ID":7133,
        "Timestamp":"2025-04-18 1:32:55",
        "Click URL":"https:\/\/google.com\/search?q=best+programming+languages"
    },
    {
        "Query":"fitness tips",
        "User ID":3901,
        "Timestamp":"2025-01-21 4:21:20",
        "Click URL":"https:\/\/wikipedia.org\/search?q=cheap+flights+to+London"
    },
    {
        "Query":"fitness tips",
        "User ID":4048,
        "Timestamp":"2025-02-28 15:14:54",
        "Click URL":"https:\/\/youtube.com\/search?q=history+of+the+internet"
    },
    {
        "Query":"best programming languages",
        "User ID":4529,
        "Timestamp":"2025-08-12 18:44:7",
        "Click URL":"https:\/\/youtube.com\/search?q=history+of+the+internet"
    },
    {
        "Query":"how to cook pasta",
        "User ID":9913,
        "Timestamp":"2025-08-24 11:52:46",
        "Click URL":"https:\/\/wikipedia.org\/search?q=weather+in+New+York"
    },
    {
        "Query":"best smartphones 2025",
        "User ID":2186,
        "Timestamp":"2025-02-15 6:13:30",
        "Click URL":"https:\/\/wikipedia.org\/search?q=latest+AI+trends"
    },
    {
        "Query":"top movies 2025",
        "User ID":1587,
        "Timestamp":"2025-09-17 21:5:51",
        "Click URL":"https:\/\/youtube.com\/search?q=best+programming+languages"
    },
    {
        "Query":"best programming languages",
        "User ID":9158,
        "Timestamp":"2025-09-14 18:20:7",
        "Click URL":"https:\/\/news.com\/search?q=how+to+cook+pasta"
    },
    {
        "Query":"latest AI trends",
        "User ID":7500,
        "Timestamp":"2025-03-12 13:26:52",
        "Click URL":"https:\/\/google.com\/search?q=latest+AI+trends"
    },
    {
        "Query":"best smartphones 2025",
        "User ID":1588,
        "Timestamp":"2025-08-15 7:17:43",
        "Click URL":"https:\/\/wikipedia.org\/search?q=how+to+invest+in+stocks"
    },
    {
        "Query":"latest AI trends",
        "User ID":5594,
        "Timestamp":"2025-06-28 12:30:5",
        "Click URL":"https:\/\/amazon.com\/search?q=top+movies+2025"
    },
    {
        "Query":"how to invest in stocks",
        "User ID":9691,
        "Timestamp":"2025-06-14 18:8:32",
        "Click URL":"https:\/\/youtube.com\/search?q=top+movies+2025"
    },
    {
        "Query":"best smartphones 2025",
        "User ID":7476,
        "Timestamp":"2025-05-17 1:58:15",
        "Click URL":"https:\/\/news.com\/search?q=how+to+cook+pasta"
    },
    {
        "Query":"fitness tips",
        "User ID":4833,
        "Timestamp":"2025-03-11 3:5:20",
        "Click URL":"https:\/\/amazon.com\/search?q=latest+AI+trends"
    },
    {
        "Query":"latest AI trends",
        "User ID":4799,
        "Timestamp":"2025-02-15 4:22:58",
        "Click URL":"https:\/\/youtube.com\/search?q=fitness+tips"
    },
    {
        "Query":"weather in New York",
        "User ID":5853,
        "Timestamp":"2025-08-15 17:4:46",
        "Click URL":"https:\/\/google.com\/search?q=best+smartphones+2025"
    },
    {
        "Query":"top movies 2025",
        "User ID":6779,
        "Timestamp":"2025-07-13 3:6:17",
        "Click URL":"https:\/\/google.com\/search?q=best+programming+languages"
    },
    {
        "Query":"best programming languages",
        "User ID":4307,
        "Timestamp":"2025-04-20 5:17:16",
        "Click URL":"https:\/\/amazon.com\/search?q=how+to+cook+pasta"
    },
    {
        "Query":"best programming languages",
        "User ID":7818,
        "Timestamp":"2025-09-13 6:59:4",
        "Click URL":"https:\/\/google.com\/search?q=fitness+tips"
    },
    {
        "Query":"how to invest in stocks",
        "User ID":1315,
        "Timestamp":"2025-05-21 17:24:52",
        "Click URL":"https:\/\/news.com\/search?q=how+to+invest+in+stocks"
    }
]