[
    {
        "Query":"latest AI trends",
        "User ID":6228,
        "Timestamp":"2025-02-20 15:2:6",
        "Click URL":"https:\/\/wikipedia.org\/search?q=top+movies+2025"
    },
    {
        "Query":"latest AI trends",
        "User ID":9054,
        "Timestamp":"2025-04-13 19:16:33",
        "Click URL":"https:\/\/amazon.com\/search?q=history+of+the+internet"
    },
    {
        "Query":"history of the internet",
        "User ID":6333,
        "Timestamp":"2025-02-25 23:59:40",
        "Click URL":"https:\/\/news.com\/search?q=how+to+cook+pasta"
    },
    {
        "Query":"latest AI trends",
        "User ID":7217,
        "Timestamp":"2025-08-21 4:22:48",
        "Click URL":"https:\/\/amazon.com\/search?q=history+of+the+internet"
    },
    {
        "Query":"history of the internet",
        "User ID":5097,
        "Timestamp":"2025-03-11 0:7:17",
        "Click URL":"https:\/\/news.com\/search?q=how+to+cook+pasta"
    },
    {
        "Query":"cheap flights to London",
        "User ID":7994,
        "Timestamp":"2025-08-26 21:5:57",
        "Click URL":"https:\/\/youtube.com\/search?q=fitness+tips"
    },
    {
        "Query":"how to invest in stocks",
        "User ID":8177,
        "Timestamp":"2025-08-19 20:54:48",
        "Click URL":"https:\/\/wikipedia.org\/search?q=latest+AI+trends"
    },
    {
        "Query":"best smartphones 2025",
        "User ID":5423,
        "Timestamp":"2025-04-19 8:0:41",
        "Click URL":"https:\/\/wikipedia.org\/search?q=cheap+flights+to+London"
    },
    {
        "Query":"how to invest in stocks",
        "User ID":2203,
        "Timestamp":"2025-06-22 8:43:29",
        "Click URL":"https:\/\/wikipedia.org\/search?q=best+programming+languages"
    },
    {
        "Query":"fitness tips",
        "User ID":3237,
        "Timestamp":"2025-07-20 9:30:10",
        "Click URL":"https:\/\/wikipedia.org\/search?q=top+movies+2025"
    },
    {
        "Query":"best smartphones 2025",
        "User ID":7946,
        "Timestamp":"2025-08-11 10:0:8",
        "Click URL":"https:\/\/news.com\/search?q=best+smartphones+2025"
    },
    {
        "Query":"cheap flights to London",
        "User ID":9735,
        "Timestamp":"2025-03-28 7:43:42",
        "Click URL":"https:\/\/amazon.com\/search?q=best+smartphones+2025"
    },
    {
        "Query":"history of the internet",
        "User ID":4945,
        "Timestamp":"2025-01-22 14:42:29",
        "Click URL":"https:\/\/youtube.com\/search?q=best+programming+languages"
    },
    {
        "Query":"weather in New York",
        "User ID":3687,
        "Timestamp":"2025-06-15 4:58:5",
        "Click URL":"https:\/\/amazon.com\/search?q=latest+AI+trends"
    },
    {
        "Query":"how to cook pasta",
        "User ID":1698,
        "Timestamp":"2025-01-10 21:53:40",
        "Click URL":"https:\/\/wikipedia.org\/search?q=best+smartphones+2025"
    },
    {
        "Query":"cheap flights to London",
        "User ID":9948,
        "Timestamp":"2025-07-24 22:3:25",
        "Click URL":"https:\/\/amazon.com\/search?q=top+movies+2025"
    },
    {
        "Query":"weather in New York",
        "User ID":6764,
        "Timestamp":"2025-05-12 4:54:31",
        "Click URL":"https:\/\/google.com\/search?q=best+programming+languages"
    },
    {
        "Query":"how to invest in stocks",
        "User ID":6023,
        "Timestamp":"2025-02-16 7:53:12",
        "Click URL":"https:\/\/wikipedia.org\/search?q=cheap+flights+to+London"
    },
    {
        "Query":"history of the internet",
        "User ID":3398,
        "Timestamp":"2025-04-23 19:22:59",
        "Click URL":"https:\/\/google.com\/search?q=top+movies+2025"
    },
    {
        "Query":"how to cook pasta",
        "User ID":3651,
        "Timestamp":"2025-05-14 19:40:21",
        "Click URL":"https:\/\/youtube.com\/search?q=top+movies+2025"
    },
    {
        "Query":"history of the internet",
        "User ID":2263,
        "Timestamp":"2025-06-20 0:33:31",
        "Click URL":"https:\/\/amazon.com\/search?q=best+programming+languages"
    },
    {
        "Query":"best programming languages",
        "User ID":5877,
        "Timestamp":"2025-08-20 4:12:12",
        "Click URL":"https:\/\/youtube.com\/search?q=latest+AI+trends"
    },
    {
        "Query":"how to cook pasta",
        "User ID":7587,
        "Timestamp":"2025-04-17 21:4:36",
        "Click URL":"https:\/\/news.com\/search?q=how+to+invest+in+stocks"
    },
    {
        "Query":"weather in New York",
        "User ID":4984,
        "Timestamp":"2025-07-15 10:4:42",
        "Click URL":"https:\/\/wikipedia.org\/search?q=weather+in+New+York"
    },
    {
        "Query":"how to invest in stocks",
        "User ID":6942,
        "Timestamp":"2025-06-14 14:12:34",
        "Click URL":"https:\/\/news.com\/search?q=best+smartphones+2025"
    },
    {
        "Query":"how to invest in stocks",
        "User ID":5286,
        "Timestamp":"2025-01-24 14:59:32",
        "Click URL":"https:\/\/wikipedia.org\/search?q=best+programming+languages"
    },
    {
        "Query":"top movies 2025",
        "User ID":4653,
        "Timestamp":"2025-09-10 23:53:56",
        "Click URL":"https:\/\/news.com\/search?q=how+to+cook+pasta"
    },
    {
        "Query":"best programming languages",
        "User ID":9367,
        "Timestamp":"2025-04-11 17:49:27",
        "Click URL":"https:\/\/news.com\/search?q=top+movies+2025"
    },
    {
        "Query":"how to cook pasta",
        "User ID":9976,
        "Timestamp":"2025-05-11 9:57:46",
        "Click URL":"https:\/\/google.com\/search?q=cheap+flights+to+London"
    },
    {
        "Query":"best programming languages",
        "User ID":8277,
        "Timestamp":"2025-05-19 10:37:4",
        "Click URL":"https:\/\/google.com\/search?q=best+smartphones+2025"
    },
    {
        "Query":"latest AI trends",
        "User ID":7401,
        "Timestamp":"2025-07-20 1:25:11",
        "Click URL":"https:\/\/wikipedia.org\/search?q=fitness+tips"
    },
    {
        "Query":"history of the internet",
        "User ID":4907,
        "Timestamp":"2025-06-21 6:30:2",
        "Click URL":"https:\/\/news.com\/search?q=best+smartphones+2025"
    },
    {
        "Query":"best programming languages",
        "User ID":1268,
        "Timestamp":"2025-01-15 7:10:32",
        "Click URL":"https:\/\/youtube.com\/search?q=top+movies+2025"
    },
    {
        "Query":"top movies 2025",
        "User ID":2151,
        "Timestamp":"2025-04-25 3:7:17",
        "Click URL":"https:\/\/news.com\/search?q=fitness+tips"
    },
    {
        "Query":"top movies 2025",
        "User ID":9698,
        "Timestamp":"2025-04-28 7:2:42",
        "Click URL":"https:\/\/wikipedia.org\/search?q=how+to+invest+in+stocks"
    },
    {
        "Query":"how to cook pasta",
        "User ID":1687,
        "Timestamp":"2025-09-23 9:13:18",
        "Click URL":"https:\/\/news.com\/search?q=history+of+the+internet"
    },
    {
        "Query":"how to cook pasta",
        "User ID":5795,
        "Timestamp":"2025-08-20 17:37:55",
        "Click URL":"https:\/\/google.com\/search?q=fitness+tips"
    },
    {
        "Query":"best programming languages",
        "User ID":5756,
        "Timestamp":"2025-04-13 17:40:32",
        "Click URL":"https:\/\/youtube.com\/search?q=weather+in+New+York"
    },
    {
        "Query":"cheap flights to London",
        "User ID":4936,
        "Timestamp":"2025-06-19 3:48:31",
        "Click URL":"https:\/\/wikipedia.org\/search?q=history+of+the+internet"
    },
    {
        "Query":"top movies 2025",
        "User ID":6094,
        "Timestamp":"2025-09-20 12:59:41",
        "Click URL":"https:\/\/news.com\/search?q=fitness+tips"
    },
    {
        "Query":"how to invest in stocks",
        "User ID":4105,
        "Timestamp":"2025-03-28 21:30:33",
        "Click URL":"https:\/\/news.com\/search?q=best+smartphones+2025"
    },
    {
        "Query":"how to cook pasta",
        "User ID":5509,
        "Timestamp":"2025-05-18 19:34:21",
        "Click URL":"https:\/\/google.com\/search?q=how+to+invest+in+stocks"
    },
    {
        "Query":"latest AI trends",
        "User ID":4817,
        "Timestamp":"2025-09-13 6:53:12",
        "Click URL":"https:\/\/youtube.com\/search?q=how+to+cook+pasta"
    },
    {
        "Query":"how to invest in stocks",
        "User ID":4843,
        "Timestamp":"2025-08-17 19:31:53",
        "Click URL":"https:\/\/news.com\/search?q=best+smartphones+2025"
    },
    {
        "Query":"best programming languages",
        "User ID":2102,
        "Timestamp":"2025-06-13 12:44:21",
        "Click URL":"https:\/\/amazon.com\/search?q=best+programming+languages"
    },
    {
        "Query":"fitness tips",
        "User ID":2297,
        "Timestamp":"2025-05-28 6:0:31",
        "Click URL":"https:\/\/youtube.com\/search?q=history+of+the+internet"
    },
    {
        "Query":"weather in New York",
        "User ID":5490,
        "Timestamp":"2025-09-27 23:20:31",
        "Click URL":"https:\/\/google.com\/search?q=top+movies+2025"
    },
    {
        "Query":"how to cook pasta",
        "User ID":6204,
        "Timestamp":"2025-04-26 12:7:40",
        "Click URL":"https:\/\/youtube.com\/search?q=how+to+invest+in+stocks"
    },
    {
        "Query":"history of the internet",
        "User ID":9110,
        "Timestamp":"2025-07-13 18:37:5",
        "Click URL":"https:\/\/google.com\/search?q=fitness+tips"
    },
    {
        "Query":"cheap flights to London",
        "User ID":1704,
        "Timestamp":"2025-04-13 9:20:49",
        "Click URL":"https:\/\/news.com\/search?q=fitness+tips"
    }
]