[
    {
        "Query":"cheap flights to London",
        "User ID":4769,
        "Timestamp":"2025-09-27 1:0:15",
        "Click URL":"https:\/\/google.com\/search?q=how+to+cook+pasta"
    },
    {
        "Query":"top movies 2025",
        "User ID":4543,
        "Timestamp":"2025-08-15 13:2:33",
        "Click URL":"https:\/\/google.com\/search?q=cheap+flights+to+London"
    },
    {
        "Query":"best programming languages",
        "User ID":1894,
        "Timestamp":"2025-06-14 1:40:33",
        "Click URL":"https:\/\/youtube.com\/search?q=top+movies+2025"
    },
    {
        "Query":"how to invest in stocks",
        "User ID":7985,
        "Timestamp":"2025-08-15 18:5:38",
        "Click URL":"https:\/\/youtube.com\/search?q=how+to+cook+pasta"
    },
    {
        "Query":"how to invest in stocks",
        "User ID":8456,
        "Timestamp":"2025-04-17 3:4:9",
        "Click URL":"https:\/\/amazon.com\/search?q=best+smartphones+2025"
    },
    {
        "Query":"best programming languages",
        "User ID":1614,
        "Timestamp":"2025-06-23 22:48:58",
        "Click URL":"https:\/\/news.com\/search?q=weather+in+New+York"
    },
    {
        "Query":"best smartphones 2025",
        "User ID":7265,
        "Timestamp":"2025-02-12 15:52:16",
        "Click URL":"https:\/\/amazon.com\/search?q=history+of+the+internet"
    },
    {
        "Query":"best programming languages",
        "User ID":2988,
        "Timestamp":"2025-01-19 21:36:25",
        "Click URL":"https:\/\/wikipedia.org\/search?q=cheap+flights+to+London"
    },
    {
        "Query":"weather in New York",
        "User ID":9724,
        "Timestamp":"2025-04-19 20:13:4",
        "Click URL":"https:\/\/google.com\/search?q=weather+in+New+York"
    },
    {
        "Query":"top movies 2025",
        "User ID":8239,
        "Timestamp":"2025-07-23 20:6:2",
        "Click URL":"https:\/\/youtube.com\/search?q=history+of+the+internet"
    },
    {
        "Query":"best programming languages",
        "User ID":6020,
        "Timestamp":"2025-02-23 17:12:22",
        "Click URL":"https:\/\/wikipedia.org\/search?q=how+to+invest+in+stocks"
    },
    {
        "Query":"how to cook pasta",
        "User ID":2698,
        "Timestamp":"2025-02-24 18:7:44",
        "Click URL":"https:\/\/news.com\/search?q=how+to+invest+in+stocks"
    },
    {
        "Query":"cheap flights to London",
        "User ID":3755,
        "Timestamp":"2025-06-14 10:36:5",
        "Click URL":"https:\/\/youtube.com\/search?q=top+movies+2025"
    },
    {
        "Query":"best programming languages",
        "User ID":3354,
        "Timestamp":"2025-01-19 0:34:24",
        "Click URL":"https:\/\/news.com\/search?q=how+to+cook+pasta"
    },
    {
        "Query":"history of the internet",
        "User ID":6686,
        "Timestamp":"2025-07-19 16:21:41",
        "Click URL":"https:\/\/news.com\/search?q=how+to+cook+pasta"
    },
    {
        "Query":"cheap flights to London",
        "User ID":4672,
        "Timestamp":"2025-08-11 1:28:17",
        "Click URL":"https:\/\/youtube.com\/search?q=best+smartphones+2025"
    },
    {
        "Query":"weather in New York",
        "User ID":7591,
        "Timestamp":"2025-05-23 21:44:16",
        "Click URL":"https:\/\/news.com\/search?q=how+to+invest+in+stocks"
    },
    {
        "Query":"fitness tips",
        "User ID":8061,
        "Timestamp":"2025-02-14 14:20:35",
        "Click URL":"https:\/\/news.com\/search?q=latest+AI+trends"
    },
    {
        "Query":"fitness tips",
        "User ID":4470,
        "Timestamp":"2025-05-21 5:24:29",
        "Click URL":"https:\/\/wikipedia.org\/search?q=fitness+tips"
    },
    {
        "Query":"fitness tips",
        "User ID":4582,
        "Timestamp":"2025-09-18 5:35:51",
        "Click URL":"https:\/\/amazon.com\/search?q=best+programming+languages"
    },
    {
        "Query":"weather in New York",
        "User ID":9919,
        "Timestamp":"2025-05-17 8:31:34",
        "Click URL":"https:\/\/youtube.com\/search?q=top+movies+2025"
    },
    {
        "Query":"cheap flights to London",
        "User ID":4649,
        "Timestamp":"2025-06-23 23:11:13",
        "Click URL":"https:\/\/google.com\/search?q=cheap+flights+to+London"
    },
    {
        "Query":"best smartphones 2025",
        "User ID":3123,
        "Timestamp":"2025-05-20 9:49:23",
        "Click URL":"https:\/\/youtube.com\/search?q=history+of+the+internet"
    },
    {
        "Query":"cheap flights to London",
        "User ID":9027,
        "Timestamp":"2025-05-16 21:29:32",
        "Click URL":"https:\/\/google.com\/search?q=fitness+tips"
    },
    {
        "Query":"best smartphones 2025",
        "User ID":2972,
        "Timestamp":"2025-07-25 13:41:54",
        "Click URL":"https:\/\/amazon.com\/search?q=best+programming+languages"
    },
    {
        "Query":"fitness tips",
        "User ID":2666,
        "Timestamp":"2025-07-13 10:10:27",
        "Click URL":"https:\/\/wikipedia.org\/search?q=how+to+cook+pasta"
    },
    {
        "Query":"how to cook pasta",
        "User ID":4689,
        "Timestamp":"2025-06-18 19:56:55",
        "Click URL":"https:\/\/wikipedia.org\/search?q=best+programming+languages"
    },
    {
        "Query":"how to cook pasta",
        "User ID":3241,
        "Timestamp":"2025-08-20 16:39:28",
        "Click URL":"https:\/\/wikipedia.org\/search?q=fitness+tips"
    },
    {
        "Query":"weather in New York",
        "User ID":7439,
        "Timestamp":"2025-06-13 12:53:37",
        "Click URL":"https:\/\/google.com\/search?q=best+programming+languages"
    },
    {
        "Query":"best smartphones 2025",
        "User ID":2290,
        "Timestamp":"2025-06-14 8:26:45",
        "Click URL":"https:\/\/news.com\/search?q=cheap+flights+to+London"
    },
    {
        "Query":"top movies 2025",
        "User ID":1254,
        "Timestamp":"2025-03-19 19:49:14",
        "Click URL":"https:\/\/amazon.com\/search?q=weather+in+New+York"
    },
    {
        "Query":"cheap flights to London",
        "User ID":4914,
        "Timestamp":"2025-04-19 9:50:37",
        "Click URL":"https:\/\/amazon.com\/search?q=fitness+tips"
    },
    {
        "Query":"best smartphones 2025",
        "User ID":6109,
        "Timestamp":"2025-08-18 14:45:8",
        "Click URL":"https:\/\/amazon.com\/search?q=fitness+tips"
    },
    {
        "Query":"how to invest in stocks",
        "User ID":4559,
        "Timestamp":"2025-01-19 9:20:22",
        "Click URL":"https:\/\/amazon.com\/search?q=top+movies+2025"
    },
    {
        "Query":"latest AI trends",
        "User ID":4657,
        "Timestamp":"2025-09-21 14:19:11",
        "Click URL":"https:\/\/wikipedia.org\/search?q=how+to+cook+pasta"
    },
    {
        "Query":"top movies 2025",
        "User ID":7910,
        "Timestamp":"2025-07-12 3:45:4",
        "Click URL":"https:\/\/news.com\/search?q=cheap+flights+to+London"
    },
    {
        "Query":"latest AI trends",
        "User ID":7449,
        "Timestamp":"2025-03-15 7:51:42",
        "Click URL":"https:\/\/amazon.com\/search?q=best+programming+languages"
    },
    {
        "Query":"how to invest in stocks",
        "User ID":2089,
        "Timestamp":"2025-08-26 20:18:44",
        "Click URL":"https:\/\/amazon.com\/search?q=how+to+invest+in+stocks"
    },
    {
        "Query":"how to invest in stocks",
        "User ID":4641,
        "Timestamp":"2025-06-23 22:55:33",
        "Click URL":"https:\/\/youtube.com\/search?q=weather+in+New+York"
    },
    {
        "Query":"best smartphones 2025",
        "User ID":9405,
        "Timestamp":"2025-02-19 23:55:19",
        "Click URL":"https:\/\/news.com\/search?q=best+programming+languages"
    },
    {
        "Query":"cheap flights to London",
        "User ID":6158,
        "Timestamp":"2025-04-26 4:38:21",
        "Click URL":"https:\/\/wikipedia.org\/search?q=best+programming+languages"
    },
    {
        "Query":"fitness tips",
        "User ID":3943,
        "Timestamp":"2025-07-12 20:59:30",
        "Click URL":"https:\/\/google.com\/search?q=fitness+tips"
    },
    {
        "Query":"best smartphones 2025",
        "User ID":5544,
        "Timestamp":"2025-01-14 1:16:59",
        "Click URL":"https:\/\/amazon.com\/search?q=history+of+the+internet"
    },
    {
        "Query":"top movies 2025",
        "User ID":5638,
        "Timestamp":"2025-08-10 16:1:51",
        "Click URL":"https:\/\/amazon.com\/search?q=how+to+invest+in+stocks"
    },
    {
        "Query":"best programming languages",
        "User ID":3462,
        "Timestamp":"2025-09-25 13:11:36",
        "Click URL":"https:\/\/youtube.com\/search?q=top+movies+2025"
    },
    {
        "Query":"cheap flights to London",
        "User ID":8824,
        "Timestamp":"2025-08-22 8:36:52",
        "Click URL":"https:\/\/google.com\/search?q=how+to+invest+in+stocks"
    },
    {
        "Query":"fitness tips",
        "User ID":3715,
        "Timestamp":"2025-06-26 19:45:0",
        "Click URL":"https:\/\/google.com\/search?q=history+of+the+internet"
    },
    {
        "Query":"best smartphones 2025",
        "User ID":4127,
        "Timestamp":"2025-01-25 19:41:26",
        "Click URL":"https:\/\/google.com\/search?q=history+of+the+internet"
    },
    {
        "Query":"latest AI trends",
        "User ID":7064,
        "Timestamp":"2025-02-21 16:24:0",
        "Click URL":"https:\/\/wikipedia.org\/search?q=history+of+the+internet"
    },
    {
        "Query":"cheap flights to London",
        "User ID":1006,
        "Timestamp":"2025-04-27 1:11:4",
        "Click URL":"https:\/\/news.com\/search?q=weather+in+New+York"
    }
]