[
    {
        "Query":"weather in New York",
        "User ID":6001,
        "Timestamp":"2025-06-12 10:6:54",
        "Click URL":"https:\/\/youtube.com\/search?q=cheap+flights+to+London"
    },
    {
        "Query":"top movies 2025",
        "User ID":5573,
        "Timestamp":"2025-09-23 21:35:50",
        "Click URL":"https:\/\/amazon.com\/search?q=fitness+tips"
    },
    {
        "Query":"fitness tips",
        "User ID":9167,
        "Timestamp":"2025-06-17 1:36:9",
        "Click URL":"https:\/\/google.com\/search?q=fitness+tips"
    },
    {
        "Query":"top movies 2025",
        "User ID":4464,
        "Timestamp":"2025-07-23 1:10:9",
        "Click URL":"https:\/\/news.com\/search?q=fitness+tips"
    },
    {
        "Query":"fitness tips",
        "User ID":4804,
        "Timestamp":"2025-06-26 0:12:44",
        "Click URL":"https:\/\/amazon.com\/search?q=cheap+flights+to+London"
    },
    {
        "Query":"best programming languages",
        "User ID":6562,
        "Timestamp":"2025-06-11 7:57:35",
        "Click URL":"https:\/\/news.com\/search?q=top+movies+2025"
    },
    {
        "Query":"history of the internet",
        "User ID":3284,
        "Timestamp":"2025-09-25 13:9:40",
        "Click URL":"https:\/\/news.com\/search?q=top+movies+2025"
    },
    {
        "Query":"best programming languages",
        "User ID":9838,
        "Timestamp":"2025-05-13 17:53:16",
        "Click URL":"https:\/\/wikipedia.org\/search?q=weather+in+New+York"
    },
    {
        "Query":"how to cook pasta",
        "User ID":5804,
        "Timestamp":"2025-05-15 18:0:56",
        "Click URL":"https:\/\/youtube.com\/search?q=how+to+cook+pasta"
    },
    {
        "Query":"history of the internet",
        "User ID":8172,
        "Timestamp":"2025-05-27 20:54:57",
        "Click URL":"https:\/\/news.com\/search?q=top+movies+2025"
    },
    {
        "Query":"latest AI trends",
        "User ID":6665,
        "Timestamp":"2025-08-20 16:20:8",
        "Click URL":"https:\/\/google.com\/search?q=how+to+invest+in+stocks"
    },
    {
        "Query":"weather in New York",
        "User ID":2062,
        "Timestamp":"2025-07-21 2:46:36",
        "Click URL":"https:\/\/google.com\/search?q=history+of+the+internet"
    },
    {
        "Query":"top movies 2025",
        "User ID":3525,
        "Timestamp":"2025-05-16 18:39:8",
        "Click URL":"https:\/\/wikipedia.org\/search?q=best+programming+languages"
    },
    {
        "Query":"best programming languages",
        "User ID":9799,
        "Timestamp":"2025-03-26 10:21:59",
        "Click URL":"https:\/\/amazon.com\/search?q=fitness+tips"
    },
    {
        "Query":"history of the internet",
        "User ID":4205,
        "Timestamp":"2025-06-17 9:47:50",
        "Click URL":"https:\/\/google.com\/search?q=best+programming+languages"
    },
    {
        "Query":"weather in New York",
        "User ID":7799,
        "Timestamp":"2025-01-13 6:56:6",
        "Click URL":"https:\/\/amazon.com\/search?q=best+programming+languages"
    },
    {
        "Query":"best programming languages",
        "User ID":3991,
        "Timestamp":"2025-07-17 4:53:48",
        "Click URL":"https:\/\/amazon.com\/search?q=top+movies+2025"
    },
    {
        "Query":"top movies 2025",
        "User ID":4639,
        "Timestamp":"2025-06-11 5:53:34",
        "Click URL":"https:\/\/youtube.com\/search?q=history+of+the+internet"
    },
    {
        "Query":"latest AI trends",
        "User ID":5453,
        "Timestamp":"2025-07-14 5:58:4",
        "Click URL":"https:\/\/youtube.com\/search?q=how+to+cook+pasta"
    },
    {
        "Query":"how to cook pasta",
        "User ID":6958,
        "Timestamp":"2025-06-23 8:20:41",
        "Click URL":"https:\/\/wikipedia.org\/search?q=how+to+invest+in+stocks"
    },
    {
        "Query":"latest AI trends",
        "User ID":9959,
        "Timestamp":"2025-08-18 8:19:24",
        "Click URL":"https:\/\/youtube.com\/search?q=latest+AI+trends"
    },
    {
        "Query":"cheap flights to London",
        "User ID":3472,
        "Timestamp":"2025-06-14 7:46:36",
        "Click URL":"https:\/\/google.com\/search?q=how+to+cook+pasta"
    },
    {
        "Query":"how to cook pasta",
        "User ID":9117,
        "Timestamp":"2025-08-20 17:3:35",
        "Click URL":"https:\/\/google.com\/search?q=history+of+the+internet"
    },
    {
        "Query":"latest AI trends",
        "User ID":9699,
        "Timestamp":"2025-09-20 4:8:35",
        "Click URL":"https:\/\/youtube.com\/search?q=best+smartphones+2025"
    },
    {
        "Query":"best smartphones 2025",
        "User ID":8844,
        "Timestamp":"2025-01-17 5:22:55",
        "Click URL":"https:\/\/youtube.com\/search?q=history+of+the+internet"
    },
    {
        "Query":"how to invest in stocks",
        "User ID":5144,
        "Timestamp":"2025-06-27 9:0:33",
        "Click URL":"https:\/\/youtube.com\/search?q=top+movies+2025"
    },
    {
        "Query":"how to invest in stocks",
        "User ID":8150,
        "Timestamp":"2025-02-15 13:8:30",
        "Click URL":"https:\/\/youtube.com\/search?q=top+movies+2025"
    },
    {
        "Query":"how to cook pasta",
        "User ID":9394,
        "Timestamp":"2025-03-28 5:40:32",
        "Click URL":"https:\/\/youtube.com\/search?q=how+to+invest+in+stocks"
    },
    {
        "Query":"top movies 2025",
        "User ID":5711,
        "Timestamp":"2025-03-27 21:52:58",
        "Click URL":"https:\/\/youtube.com\/search?q=top+movies+2025"
    },
    {
        "Query":"latest AI trends",
        "User ID":9259,
        "Timestamp":"2025-05-11 6:41:32",
        "Click URL":"https:\/\/google.com\/search?q=fitness+tips"
    },
    {
        "Query":"best smartphones 2025",
        "User ID":5093,
        "Timestamp":"2025-01-18 13:38:23",
        "Click URL":"https:\/\/news.com\/search?q=history+of+the+internet"
    },
    {
        "Query":"top movies 2025",
        "User ID":9461,
        "Timestamp":"2025-07-28 1:27:12",
        "Click URL":"https:\/\/google.com\/search?q=fitness+tips"
    },
    {
        "Query":"top movies 2025",
        "User ID":4191,
        "Timestamp":"2025-06-27 5:22:12",
        "Click URL":"https:\/\/google.com\/search?q=how+to+cook+pasta"
    },
    {
        "Query":"how to cook pasta",
        "User ID":5862,
        "Timestamp":"2025-01-26 0:26:32",
        "Click URL":"https:\/\/google.com\/search?q=latest+AI+trends"
    },
    {
        "Query":"history of the internet",
        "User ID":7423,
        "Timestamp":"2025-04-24 17:41:54",
        "Click URL":"https:\/\/youtube.com\/search?q=history+of+the+internet"
    },
    {
        "Query":"history of the internet",
        "User ID":4198,
        "Timestamp":"2025-08-12 19:36:7",
        "Click URL":"https:\/\/youtube.com\/search?q=best+programming+languages"
    },
    {
        "Query":"history of the internet",
        "User ID":9895,
        "Timestamp":"2025-03-19 13:22:26",
        "Click URL":"https:\/\/wikipedia.org\/search?q=fitness+tips"
    },
    {
        "Query":"top movies 2025",
        "User ID":2854,
        "Timestamp":"2025-01-26 1:39:24",
        "Click URL":"https:\/\/news.com\/search?q=fitness+tips"
    },
    {
        "Query":"top movies 2025",
        "User ID":2621,
        "Timestamp":"2025-08-12 7:52:28",
        "Click URL":"https:\/\/youtube.com\/search?q=history+of+the+internet"
    },
    {
        "Query":"cheap flights to London",
        "User ID":4659,
        "Timestamp":"2025-07-15 8:31:25",
        "Click URL":"https:\/\/news.com\/search?q=best+smartphones+2025"
    },
    {
        "Query":"best programming languages",
        "User ID":1584,
        "Timestamp":"2025-01-22 4:33:35",
        "Click URL":"https:\/\/google.com\/search?q=fitness+tips"
    },
    {
        "Query":"how to cook pasta",
        "User ID":5832,
        "Timestamp":"2025-03-20 17:15:26",
        "Click URL":"https:\/\/wikipedia.org\/search?q=how+to+cook+pasta"
    },
    {
        "Query":"cheap flights to London",
        "User ID":2052,
        "Timestamp":"2025-03-23 19:23:58",
        "Click URL":"https:\/\/youtube.com\/search?q=best+programming+languages"
    },
    {
        "Query":"weather in New York",
        "User ID":9937,
        "Timestamp":"2025-07-14 23:24:35",
        "Click URL":"https:\/\/amazon.com\/search?q=how+to+invest+in+stocks"
    },
    {
        "Query":"best smartphones 2025",
        "User ID":8499,
        "Timestamp":"2025-07-22 10:55:51",
        "Click URL":"https:\/\/wikipedia.org\/search?q=history+of+the+internet"
    },
    {
        "Query":"best smartphones 2025",
        "User ID":9269,
        "Timestamp":"2025-08-10 19:13:16",
        "Click URL":"https:\/\/amazon.com\/search?q=weather+in+New+York"
    },
    {
        "Query":"latest AI trends",
        "User ID":1863,
        "Timestamp":"2025-07-22 23:1:34",
        "Click URL":"https:\/\/wikipedia.org\/search?q=latest+AI+trends"
    },
    {
        "Query":"how to invest in stocks",
        "User ID":4729,
        "Timestamp":"2025-02-12 5:24:23",
        "Click URL":"https:\/\/google.com\/search?q=history+of+the+internet"
    },
    {
        "Query":"fitness tips",
        "User ID":6871,
        "Timestamp":"2025-02-13 20:51:8",
        "Click URL":"https:\/\/youtube.com\/search?q=cheap+flights+to+London"
    },
    {
        "Query":"cheap flights to London",
        "User ID":5007,
        "Timestamp":"2025-05-17 10:49:59",
        "Click URL":"https:\/\/youtube.com\/search?q=cheap+flights+to+London"
    }
]